,title,year,director,genre,country,language,budget,US_box_office,box_office,usr_rating,metacritic
0,The Mattei Affair ,1972.0,Francesco Rosi, Biography,Italy,Italian,,,,7.6,
1,Sibir. Monamur ,2011.0,Vyacheslav Ross, Drama,Russia,Russian,,,115240.0,7.6,
2,Insectula! ,2015.0,Michael Peterson, Comedy,USA,English,,,,4.7,
3,Aknyeo ,2017.0,Byung-gil Jung, Action,South Korea,Korean,,27741.0,8737458.0,6.7,64
4,Dipu Number 2 ,1996.0,Morshedul Islam, Adventure,Bangladesh,Bengali,,,,8.9,
5,Iron Sky ,2012.0,Timo Vuorensola, Action,Finland,English,7500000.0,122082.0,10109659.0,5.9,
6,Le Petit Soldat ,1963.0,Jean-Luc Godard, War,France,French,180000.0,24296.0,24296.0,7.2,97
7,The Time Machine ,1960.0,George Pal, Adventure,USA,English,750000.0,,5902.0,7.6,67
8,1945 ,2017.0,Ferenc Török, Drama,Hungary,Hungarian,1467000.0,1006193.0,1240663.0,7.1,73
9,Defying Gravity ,1997.0,John Keitel, Drama,USA,English,,,,6.6,45
10,That Obscure Object of Desire ,1977.0,Luis Buñuel, Comedy,France,French,,,2864.0,7.9,84
11,Fort Apache the Bronx ,1981.0,Daniel Petrie, Crime,USA,English,,29200000.0,29200000.0,6.7,49
12,The Music Lovers ,1971.0,Ken Russell, Biography,UK,English,1600000.0,,,7.1,
13,Goya's Ghosts ,2006.0,Milos Forman, Biography,USA,English,50000000.0,1000626.0,9448082.0,6.9,52
14,Werckmeister harmoniak ,2000.0,Béla Tarr, Drama,Hungary,Hungarian,10000000.0,25461.0,25461.0,8.2,92
15,Terumae romae ,2012.0,Hideki Takeuchi, Comedy,Japan,Japanese,,,74285251.0,6.4,
16,Every Thing You Always Wanted to Know About Sex * But Were Afraid to Ask ,1972.0,Woody Allen, Comedy,USA,English,2000000.0,18016290.0,18090065.0,6.8,66
17,The Power of One ,1992.0,John G. Avildsen, Drama,Australia,English,,2827107.0,2827107.0,7.2,40
18,Stage Fright ,1950.0,Alfred Hitchcock, Film-Noir,UK,English,1437000.0,,,7.1,
19,,,,,,,,,,,
20,The Adventures of Huck Finn ,1993.0,Stephen Sommers, Adventure,USA,English,6500000.0,24103594.0,24103594.0,6.2,
21,Heist ,2001.0,David Mamet, Action,Canada,English,39000000.0,23510841.0,28510652.0,6.5,66
22,Bhramaram ,2009.0,Blessy, Crime,India,Malayalam,,,,7.4,
23,Berlin Express ,1948.0,Jacques Tourneur, Crime,USA,English,,,,6.8,
24,Dernier domicile connu ,1970.0,José Giovanni, Crime,France,French,,,,7.0,
25,,,,,,,,,,,
26,,,,,,,,,,,
27,,,,,,,,,,,
28,,,,,,,,,,,
29,,,,,,,,,,,
30,Follow the Fleet ,1936.0,Mark Sandrich, Comedy,USA,English,747000.0,,,7.2,
31,LBJ ,2016.0,Rob Reiner, Biography,USA,English,26000000.0,2470979.0,2510151.0,6.5,54
32,Je rentre à la maison ,2001.0,Manoel de Oliveira, Comedy,France,French,18000000.0,140872.0,853526.0,6.9,86
33,Anukshanam ,2014.0,Ram Gopal Varma, Crime,India,Telugu,10000000.0,,,6.5,
34,La chute de l'empire americain ,2018.0,Denys Arcand, Comedy,Canada,French,,2178460.0,4110928.0,6.8,55
35,La noche de los girasoles ,2006.0,Jorge Sánchez-Cabezudo, Crime,Spain,Spanish,,,1609872.0,7.1,
36,Sometimes a Great Notion ,1971.0,Paul Newman, Action,USA,English,3660000.0,,,7.0,
37,The Train Robbers ,1973.0,Burt Kennedy, Action,USA,English,,,,6.5,
38,Unbreakable ,2000.0,M. Night Shyamalan, Drama,USA,English,75000000.0,95011339.0,248118121.0,7.3,62
39,Wuthering Heights ,1939.0,William Wyler, Drama,USA,English,,624643.0,624643.0,7.6,
40,Europa Report ,2013.0,Sebastián Cordero, Drama,USA,English,,125687.0,125687.0,6.4,68
41,SuckSeed: Huay Khan Thep ,2011.0,Chayanop Boonprakob, Comedy,Thailand,Thai,,,2610717.0,7.5,
42,Heavy Weights ,1995.0,Steven Brill, Comedy,USA,English,,17689177.0,17689177.0,6.7,42
43,,,,,,,,,,,
44,The Cell ,2000.0,Tarsem Singh, Horror,USA,English,33000000.0,61334059.0,104155843.0,6.3,40
45,The Dark at the Top of the Stairs ,1960.0,Delbert Mann, Drama,USA,English,,,,7.0,
46,Joven y alocada ,2012.0,Marialy Rivas, Comedy,Chile,Spanish,,5514.0,212624.0,6.1,
47,Harma ,2012.0,Jukka-Pekka Siili, Drama,Finland,Finnish,1670000.0,,1721942.0,6.2,
48,Roar ,1981.0,Noel Marshall, Adventure,USA,English,17000000.0,110048.0,110048.0,6.2,65
49,The Lady Vanishes ,1938.0,Alfred Hitchcock, Mystery,UK,English,,,39776.0,7.8,
50,The Letter ,1940.0,William Wyler, Crime,USA,English,,,16455.0,7.6,
51,The Fluffy Movie: Unity Through Laughter ,2014.0,Manny Rodriguez, Documentary,USA,English,,2827393.0,2827393.0,7.3,56
52,I Am a Hero ,2015.0,Shinsuke Sato, Action,Japan,Japanese,,,13770528.0,6.8,
53,,,,,,,,,,,
54,Gransen ,2011.0,Richard Holm, Action,Sweden,Swedish,,,240761.0,6.3,
55,Days of Being Wild ,1990.0,Kar-Wai Wong, Crime,Hong Kong,Cantonese,,146310.0,3101890.0,7.6,96
56,Densha otoko ,2005.0,Shôsuke Murakami, Comedy,Japan,Japanese,,,31090100.0,6.6,60
57,Agora ,2009.0,Alejandro Amenábar, Adventure,Spain,English,70000000.0,619423.0,39457342.0,7.2,55
58,Buffalo Bill ,1944.0,William A. Wellman, Biography,USA,English,,,,6.4,
59,The American Soldier ,1970.0,Rainer Werner Fassbinder, Drama,West Germany,German,280000.0,8144.0,8144.0,6.7,
60,The Night Before Christmas ,1961.0,Aleksandr Rou, Comedy,Soviet Union,Russian,,,,7.7,
61,The Italian Connection ,1972.0,Fernando Di Leo, Action,Italy,Italian,,,,7.1,
62,Ivansxtc ,2000.0,Bernard Rose, Drama,UK,English,,47027.0,47027.0,6.4,67
63,Le monde est à toi ,2018.0,Romain Gavras, Comedy,France,French,,,2747894.0,6.4,73
64,The Contender ,2000.0,Rod Lurie, Drama,USA,English,20000000.0,17872723.0,22428990.0,6.9,59
65,,,,,,,,,,,
66,Humpty Sharma Ki Dulhania ,2014.0,Shashank Khaitan, Comedy,India,Hindi,,380011.0,13669988.0,6.0,
67,The Devil's Own ,1997.0,Alan J. Pakula, Action,USA,English,90000000.0,42868348.0,140807547.0,6.2,53
68,5th Ave Girl ,1939.0,Gregory La Cava, Comedy,USA,English,607000.0,,9636.0,6.8,
69,Win It All ,2017.0,Joe Swanberg, Comedy,USA,English,,,,6.2,77
70,The Occupant ,2020.0,David Pastor, Adventure,Spain,Spanish,,,1845.0,6.3,
71,,,,,,,,,,,
72,Tangled ,2010.0,Nathan Greno, Animation,USA,English,260000000.0,200821936.0,592461732.0,7.7,71
73,,,,,,,,,,,
74,Branded to Kill ,1967.0,Seijun Suzuki, Action,Japan,Japanese,,,,7.4,
75,,,,,,,,,,,
76,Love for Sale ,2006.0,Karim Aïnouz, Drama,Brazil,Portuguese,,13703.0,13703.0,7.2,62
77,Joong-cheon ,2006.0,Dong-oh Jo, Action,South Korea,Korean,,,9026898.0,6.3,
78,Grizzly Man ,2005.0,Werner Herzog, Documentary,USA,English,,3178403.0,4064179.0,7.8,87
79,Stella ,1955.0,Michael Cacoyannis, Drama,Greece,Greek,,,,8.0,
80,Bi pooli ,2009.0,Hamid Nematollah, Drama,Iran,Persian,,,,6.4,
81,,,,,,,,,,,
82,Last Flag Flying ,2017.0,Richard Linklater, Comedy,USA,English,,965481.0,1872950.0,6.9,65
83,Rookie of the Year ,1993.0,Daniel Stern, Comedy,USA,English,10000000.0,53615089.0,56500758.0,6.1,53
84,Hideous Kinky ,1998.0,Gillies MacKinnon, Adventure,UK,English,12000000.0,1263279.0,1263279.0,6.0,
85,,,,,,,,,,,
86,Wish Man ,2019.0,Theo Davies, Biography,USA,English,,,,7.0,
87,Joven y alocada ,2012.0,Marialy Rivas, Comedy,Chile,Spanish,,5514.0,212624.0,6.1,
88,Butterflies Are Free ,1972.0,Milton Katselas, Comedy,USA,English,,250000.0,,7.2,
89,,,,,,,,,,,
90,Opening Night ,1977.0,John Cassavetes, Drama,USA,English,,23488.0,23488.0,8.0,69
91,Kopps ,2003.0,Josef Fares, Action,Sweden,Swedish,22000000.0,,3930933.0,6.7,
92,Mao's Last Dancer ,2009.0,Bruce Beresford, Biography,Australia,English,,4817770.0,23914731.0,7.3,55
93,The Big Clock ,1948.0,John Farrow, Crime,USA,English,,,,7.7,
94,One Hundred Men and a Girl ,1937.0,Henry Koster, Comedy,USA,English,762000.0,,,6.7,
95,The Reincarnation of Peter Proud ,1975.0,J. Lee Thompson, Horror,USA,English,,,,6.5,
96,Leave No Trace ,2018.0,Debra Granik, Drama,USA,English,,6046104.0,7682928.0,7.2,88
97,Ashes in the Snow ,2018.0,Marius A. Markevicius, Drama,Lithuania,English,5000000.0,,1557172.0,6.6,42
98,Issiz Adam ,2008.0,Çagan Irmak, Drama,Turkey,Turkish,,,16123820.0,6.8,
99,Iphigenia ,1977.0,Michael Cacoyannis, Drama,Greece,Greek,,,,7.7,
100,Waste Land ,2010.0,Lucy Walker, Documentary,Brazil,Portuguese,1500000.0,187716.0,291307.0,7.9,78
101,Pride and Glory ,2008.0,Gavin O'Connor, Crime,USA,English,30000000.0,15740721.0,31200557.0,6.6,45
102,Batman Begins ,2005.0,Christopher Nolan, Action,USA,English,150000000.0,206852432.0,373661301.0,8.2,70
103,Serial Killer 1 ,2014.0,Frédéric Tellier, Crime,France,French,5290000.0,10330.0,2573400.0,6.6,
104,Calibre ,2018.0,Matt Palmer, Drama,UK,English,,,,6.8,76
105,Anna Karenina ,2012.0,Joe Wright, Drama,UK,English,40600000.0,12816367.0,68929150.0,6.6,63
106,,,,,,,,,,,
107,Much Ado About Nothing ,1993.0,Kenneth Branagh, Comedy,UK,English,11000000.0,22549338.0,22549338.0,7.3,
108,The Grifters ,1990.0,Stephen Frears, Crime,USA,English,,13446769.0,13446769.0,6.9,86
109,Miami Bici ,2020.0,Jesús del Cerro, Comedy,Romania,Romanian,65000.0,,2663916.0,6.4,
110,Under sandet ,2015.0,Martin Zandvliet, Drama,Denmark,German,35500000.0,435266.0,3169553.0,7.8,75
111,Marie Kroyer ,2012.0,Bille August, Biography,Denmark,Danish,6500000.0,,3382354.0,6.3,
112,Friends with Kids ,2011.0,Jennifer Westfeldt, Comedy,USA,English,10000000.0,7251073.0,13041254.0,6.1,55
113,Friendly Enemies ,1942.0,Allan Dwan, Drama,USA,English,,,,5.7,
114,The Tall T ,1957.0,Budd Boetticher, Romance,USA,English,,,,7.3,
115,Sarafina! ,1992.0,Darrell Roodt, Drama,South Africa,English,,7306242.0,7306242.0,6.4,
116,Agnes Browne ,1999.0,Anjelica Huston, Comedy,USA,English,,148853.0,148853.0,6.6,55
117,Shoot to Kill ,1988.0,Roger Spottiswoode, Action,USA,English,15000000.0,29300090.0,29300090.0,6.8,
118,Ejder Kapani ,2010.0,Ugur Yücel, Action,Turkey,Turkish,6000000.0,,4780084.0,6.5,
119,Ludas Matyi ,1977.0,Attila Dargay, Animation,Hungary,Hungarian,,,,8.3,
120,Antichrist ,2009.0,Lars von Trier, Drama,Denmark,English,11000000.0,404122.0,7413863.0,6.6,49
121,Paavada ,2016.0,G. Marthandan, Comedy,India,Malayalam,,,24985.0,6.2,
122,Ordinary People ,1980.0,Robert Redford, Drama,USA,English,6000000.0,54766923.0,54766923.0,7.7,86
123,"Paul, Apostle of Christ ",2018.0,Andrew Hyatt, Adventure,USA,English,5000000.0,17560475.0,25915966.0,6.6,52
124,Hadewijch ,2009.0,Bruno Dumont, Drama,France,French,4600000.0,5006.0,74586.0,6.7,83
125,Pickup on South Street ,1953.0,Samuel Fuller, Crime,USA,English,780000.0,,,7.7,
126,Mesrine: Public Enemy #1 ,2008.0,Jean-François Richet, Action,France,French,21166000.0,275387.0,321353.0,7.5,72
127,Find Me Guilty ,2006.0,Sidney Lumet, Biography,Germany,English,13000000.0,1173643.0,2636637.0,7.0,65
128,1987 ,2014.0,Ricardo Trogi, Biography,Canada,French,4460000.0,,,7.4,
129,Dialogue avec mon jardinier ,2007.0,Jean Becker, Comedy,France,French,,,15217960.0,7.1,
130,"New York, New York ",1977.0,Martin Scorsese, Drama,USA,English,14000000.0,16400000.0,16400000.0,6.7,64
131,Ask Me Anything ,2014.0,Allison Burnett, Drama,USA,Italian,950000.0,,,6.0,
132,24 Wochen ,2016.0,Anne Zohra Berrached, Drama,Germany,German,,,35266.0,7.2,
133,Gentleman's Agreement ,1947.0,Elia Kazan, Drama,USA,English,1985000.0,,,7.2,
134,Measure of a Man ,2018.0,Jim Loach, Comedy,USA,English,,,,6.3,53
135,,,,,,,,,,,
136,Tarzan and the Mermaids ,1948.0,Robert Florey, Action,USA,English,1000000.0,,,5.9,
137,The Ghost and Mr. Chicken ,1966.0,Alan Rafkin, Comedy,USA,English,700000.0,,,7.3,
138,90 minutter ,2012.0,Eva Sørhaug, Drama,Norway,Norwegian,10200000.0,,703803.0,6.2,
139,Spies ,1928.0,Fritz Lang, Romance,Germany,None,,,,7.6,
140,Bikhod & Bi Jahat ,2012.0,Abdolreza Kahani, Comedy,Iran,Persian,,,,6.4,
141,Manson ,1973.0,Robert Hendrickson, Documentary,USA,English,,,,7.3,
142,Out Stealing Horses ,2019.0,Hans Petter Moland, Drama,Norway,Norwegian,4100000.0,,1480790.0,6.6,68
143,Frequencies ,2013.0,Darren Paul Fisher, Mystery,Australia,English,,,,6.8,
144,Hadersfild ,2007.0,Ivan Zivkovic, Drama,Serbia,Serbian,,,66300.0,8.3,
145,,,,,,,,,,,
146,Si-ra-no; Yeon-ae-jo-jak-do ,2010.0,Hyun-seok Kim, Comedy,South Korea,Korean,,,17917697.0,6.6,
147,Thalaivaa ,2013.0,A.L. Vijay, Action,India,Tamil,450000000.0,,1654633.0,6.1,
148,Beruseruku: Ougon jidai-hen I - Haou no tamago ,2012.0,Toshiyuki Kubooka, Animation,Japan,Japanese,,,2152610.0,7.6,
149,Der geilste Tag ,2016.0,Florian David Fitz, Comedy,Germany,German,,,16542495.0,6.5,
150,El habitante incierto ,2004.0,Guillem Morales, Drama,Spain,Spanish,,,,6.8,
151,,,,,,,,,,,
152,The Razor's Edge ,1946.0,Edmund Goulding, Drama,USA,English,1200000.0,,,7.4,
153,Shot Caller ,2017.0,Ric Roman Waugh, Crime,USA,English,,,3440362.0,7.3,59
154,John Carter ,2012.0,Andrew Stanton, Action,USA,English,250000000.0,73078100.0,284139100.0,6.6,51
155,Tarzan's Secret Treasure ,1941.0,Richard Thorpe, Action,USA,English,,,,6.6,
156,Noce blanche ,1989.0,Jean-Claude Brisseau, Drama,France,French,,,,6.9,
157,The Cat from Outer Space ,1978.0,Norman Tokar, Comedy,USA,English,4000000.0,,,6.1,58
158,Umrika ,2015.0,Prashant Nair, Comedy,India,Hindi,,,138706.0,6.6,
159,THX 1138 ,1971.0,George Lucas, Drama,USA,English,777000.0,2437000.0,2437000.0,6.7,75
160,Breathing ,2011.0,Karl Markovics, Drama,Austria,German,1000000.0,4630.0,807436.0,6.9,66
161,Mad Max 2: The Road Warrior ,1981.0,George Miller, Action,Australia,English,3000000.0,23667907.0,23667907.0,7.6,77
162,Sammy's avonturen: De geheime doorgang ,2010.0,Ben Stassen, Animation,France,Danish,,,70627617.0,6.1,
163,The Lift ,1983.0,Dick Maas, Horror,Netherlands,Dutch,350000.0,,,6.2,
164,La moustache ,2005.0,Emmanuel Carrère, Drama,France,French,,244771.0,3044771.0,6.7,71
165,Death Watch ,1980.0,Bertrand Tavernier, Drama,France,French,,,,6.7,
166,The Dirty Dozen ,1967.0,Robert Aldrich, Action,UK,English,5400000.0,,,7.7,73
167,Headshot ,2011.0,Pen-Ek Ratanaruang, Crime,Thailand,Thai,,1373.0,115511.0,6.2,60
168,The School of Rock ,2003.0,Richard Linklater, Comedy,USA,English,35000000.0,81261177.0,131095614.0,7.1,82
169,,,,,,,,,,,
170,Dangshin Geogi Iteojoorraeyo ,2016.0,Ji-Yeong Hong, Drama,South Korea,Korean,,,7762907.0,7.0,
171,Ugramm ,2014.0,Prashanth Neel, Action,India,Kannada,,,,8.2,
172,,,,,,,,,,,
173,Pathfinder ,1987.0,Nils Gaup, Action,Norway,Saami,,10628.0,242994.0,7.2,
174,Loosideu deurim ,2017.0,Joon-Sung Kim, Sci-Fi,South Korea,Korean,5000000.0,,,6.1,
175,The Proposition ,1998.0,Lesli Linka Glatter, Drama,USA,English,,147773.0,147773.0,6.2,
176,Le Quattro Volte ,2010.0,Michelangelo Frammartino, Drama,Italy,None,,152530.0,701334.0,7.2,80
177,No Men Beyond This Point ,2015.0,Mark Sawers, Comedy,Canada,English,,,,6.3,
178,Fires of Kuwait ,1992.0,David Douglas, Documentary,USA,,,,,7.2,
179,Walking with the Enemy ,2013.0,Mark Schmidt, Action,Romania,English,,1112592.0,1112592.0,6.4,44
180,Kawaki ,2014.0,Tetsuya Nakashima, Drama,Japan,Japanese,,16627.0,6627892.0,6.6,55
181,Maharshi ,2019.0,Vamshi Paidipally, Action,India,Telugu,,,595200.0,7.3,
182,The Game ,1997.0,David Fincher, Action,USA,English,50000000.0,48323648.0,109423648.0,7.8,61
183,Mea culpa ,2014.0,Fred Cavayé, Action,France,French,,,3736775.0,6.1,
184,The Boys Next Door ,1985.0,Penelope Spheeris, Crime,USA,English,5000000.0,,,6.4,66
185,Bangalore Days ,2014.0,Anjali Menon, Comedy,India,Malayalam,,,180217.0,8.3,
186,Shaadi Mein Zaroor Aana ,2017.0,Ratnaa Sinha, Drama,India,Hindi,,,97154.0,7.6,
187,Spectral ,2016.0,Nic Mathieu, Action,USA,English,70000000.0,,,6.3,
188,Disobedience ,2017.0,Sebastián Lelio, Drama,Ireland,English,6000000.0,3498782.0,8003180.0,6.6,74
189,,,,,,,,,,,
190,Table No. 21 ,2013.0,Aditya Datt, Adventure,India,Hindi,,46720.0,77621.0,7.1,
191,06/05 ,2004.0,Theo van Gogh, Drama,Netherlands,Dutch,2000000.0,,63424.0,6.6,
192,Howards End ,1992.0,James Ivory, Drama,UK,English,,26126837.0,26341736.0,7.4,89
193,Hungama ,2003.0,Priyadarshan, Comedy,India,Hindi,,,1979689.0,7.5,
194,,,,,,,,,,,
195,Sseo-ni ,2011.0,Hyeong-Cheol Kang, Comedy,South Korea,Korean,,,51116421.0,7.8,
196,The Fourth Man ,1983.0,Paul Verhoeven, Drama,Netherlands,Dutch,,,,7.2,
197,Hunt for the Wilderpeople ,2016.0,Taika Waititi, Adventure,New Zealand,English,,5205468.0,22835917.0,7.9,81
198,The Anniversary Party ,2001.0,Alan Cumming, Comedy,USA,English,,4047329.0,4931888.0,6.2,56
199,,,,,,,,,,,
200,Loving Annabelle ,2006.0,Katherine Brooks, Drama,USA,English,1000000.0,,,6.3,
201,Mia zoi tin ehoume ,1958.0,Yorgos Tzavellas, Comedy,Greece,Greek,,,,8.3,
202,,,,,,,,,,,
203,Street Angel ,1928.0,Frank Borzage, Drama,USA,None,,,,7.4,
204,That Night ,1992.0,Craig Bolotin, Drama,France,English,,20194.0,20194.0,6.7,
205,,,,,,,,,,,
206,,,,,,,,,,,
207,,,,,,,,,,,
208,The Horse Soldiers ,1959.0,John Ford, Adventure,USA,English,,,,7.2,
209,,,,,,,,,,,
210,Star Wars: Episode V - The Empire Strikes Back ,1980.0,Irvin Kershner, Action,USA,English,18000000.0,292674960.0,550913836.0,8.7,82
211,The Legend of Tarzan ,2016.0,David Yates, Action,UK,English,180000000.0,126643061.0,356700357.0,6.2,44
212,Snezhnaya koroleva 2. Perezamorozka ,2014.0,Aleksey Tsitsilin, Animation,Russia,Russian,,,15640057.0,6.0,
213,Dark Harbor ,1998.0,Adam Coleman Howard, Thriller,USA,English,,,,6.2,
214,Ljudozder vegetarijanac ,2012.0,Branko Schmidt, Crime,Croatia,Croatian,,,,7.2,
215,Qismat ,2018.0,Jagdeep Sidhu, Drama,India,Punjabi,1000000.0,,188044.0,8.4,
216,The Last Starfighter ,1984.0,Nick Castle, Action,USA,English,15000000.0,28733290.0,28733290.0,6.8,67
217,Poster Girl ,2010.0,Sara Nesson, Documentary,USA,English,,,,6.7,
218,The Hindenburg ,1975.0,Robert Wise, Adventure,USA,English,15000000.0,,,6.3,
219,The Edge of Seventeen ,2016.0,Kelly Fremon Craig, Comedy,USA,English,9000000.0,14431633.0,19370020.0,7.3,77
220,Broj 55 ,2014.0,Kristijan Milic, Action,Croatia,Croatian,6500000.0,,56732.0,7.0,
221,Antikorper ,2005.0,Christian Alvart, Crime,Germany,German,1900000.0,,891133.0,7.0,57
222,The Sailor Who Fell from Grace with the Sea ,1976.0,Lewis John Carlino, Drama,UK,English,,,,6.3,
223,Noble ,2014.0,Stephen Bradley, Biography,UK,English,,347321.0,1213927.0,6.8,63
224,Grandmaster ,2012.0,B. Unnikrishnan, Action,India,Malayalam,,17077.0,17077.0,7.0,
225,Ballon ,2018.0,Michael Herbig, Drama,Germany,German,10.0,34222.0,13562317.0,7.5,53
226,The Boys & Girl from County Clare ,2003.0,John Irvin, Comedy,Ireland,English,8000000.0,142872.0,151869.0,6.5,59
227,Tunes of Glory ,1960.0,Ronald Neame, Drama,UK,English,,,,7.5,
228,Off the Map ,2003.0,Campbell Scott, Drama,USA,English,,1317167.0,1319492.0,7.2,68
229,Star Wars: Episode II - Attack of the Clones ,2002.0,George Lucas, Action,USA,English,115000000.0,310676740.0,653779970.0,6.5,54
230,Kokuhaku ,2010.0,Tetsuya Nakashima, Drama,Japan,Japanese,,,45203103.0,7.8,
231,The Pig ,2018.0,Mani Haghighi, Comedy,Iran,Persian,,,24666.0,6.1,
232,Brown Sugar ,2002.0,Rick Famuyiwa, Romance,USA,English,8000000.0,27363891.0,28316451.0,6.5,58
233,,,,,,,,,,,
234,The Times of Harvey Milk ,1984.0,Rob Epstein, Documentary,USA,English,,13801.0,46573.0,8.3,
235,Vacation from Marriage ,1945.0,Alexander Korda, Drama,UK,English,,,,7.0,
236,Goon ,2011.0,Michael Dowse, Comedy,USA,English,,4168528.0,6985158.0,6.8,64
237,Guardians of the Galaxy Vol. 2 ,2017.0,James Gunn, Action,USA,English,200000000.0,389813101.0,863756051.0,7.6,67
238,Eldfjall ,2011.0,Rúnar Rúnarsson, Drama,Iceland,Icelandic,,,424327.0,7.2,
239,Strangers with Candy ,2005.0,Paul Dinello, Comedy,USA,English,3500000.0,2072645.0,2254124.0,6.0,57
240,Tigers Are Not Afraid ,2017.0,Issa López, Fantasy,Mexico,Spanish,26040000.0,175559.0,576598.0,7.0,76
241,Little Miss Sunshine ,2006.0,Jonathan Dayton, Comedy,USA,English,8000000.0,59891098.0,101058954.0,7.8,80
242,Ah-ga-ssi ,2016.0,Chan-wook Park, Drama,South Korea,Korean,10000000000.0,2006788.0,37767206.0,8.1,84
243,In Search of a Midnight Kiss ,2007.0,Alex Holdridge, Comedy,USA,English,25000.0,172605.0,1294176.0,7.2,64
244,Pyaasa ,1957.0,Guru Dutt, Drama,India,Hindi,,,,8.5,
245,"Boeing, Boeing ",1965.0,John Rich, Comedy,USA,English,2200000.0,,,6.5,
246,Captain America: The First Avenger ,2011.0,Joe Johnston, Action,USA,English,140000000.0,176654505.0,370569774.0,6.9,66
247,Yomeddine ,2018.0,A.B. Shawky, Adventure,Egypt,Arabic,,11308.0,81030.0,7.2,62
248,Mind Game ,2004.0,Masaaki Yuasa, Animation,Japan,Japanese,,36613.0,36613.0,7.8,66
249,Grimm ,2003.0,Alex van Warmerdam, Adventure,Netherlands,Dutch,3700000.0,,240632.0,6.3,
250,Gospodin za edin den ,1983.0,Nikolay Volev, Comedy,Bulgaria,Bulgarian,,,,8.6,
251,This Is Spinal Tap ,1984.0,Rob Reiner, Comedy,USA,English,2500000.0,4736202.0,4736202.0,7.9,92
252,Operation Delta Force 3: Clear Target ,1998.0,Mark Roper, Action,USA,English,3000000.0,,,5.4,
253,,,,,,,,,,,
254,Walk Don't Run ,1966.0,Charles Walters, Comedy,USA,English,,9810000.0,,6.7,
255,Zeit der Kannibalen ,2014.0,Johannes Naber, Comedy,Germany,German,,,376702.0,7.1,
256,The Jackie Robinson Story ,1950.0,Alfred E. Green, Biography,USA,English,,,,6.4,
257,Ddongpari ,2008.0,Ik-joon Yang, Crime,South Korea,Korean,,,686703.0,7.6,
258,Comes a Horseman ,1978.0,Alan J. Pakula, Drama,USA,English,,9585769.0,9585769.0,6.3,41
259,The Girl with All the Gifts ,2016.0,Colm McCarthy, Action,UK,English,4000000.0,,4086096.0,6.6,67
260,Family Law ,2006.0,Daniel Burman, Comedy,Argentina,Spanish,,38605.0,1062915.0,6.9,66
261,Operation Pacific ,1951.0,George Waggner, Drama,USA,English,,,,6.7,
262,Pulse ,2001.0,Kiyoshi Kurosawa, Horror,Japan,Japanese,,51420.0,318451.0,6.5,70
263,Zana ,2019.0,Antoneta Kastrati, Drama,Kosovo,Albanian,,,,9.0,
264,Warrior ,2011.0,Gavin O'Connor, Action,USA,English,25000000.0,13657115.0,23308615.0,8.2,71
265,Mona Lisa Smile ,2003.0,Mike Newell, Drama,USA,English,65000000.0,63860942.0,141337989.0,6.5,45
266,Pee-wee's Big Adventure ,1985.0,Tim Burton, Adventure,USA,English,6000000.0,40940662.0,40940662.0,7.0,47
267,Boo-dang-geo-rae ,2010.0,Seung-wan Ryoo, Action,South Korea,Korean,,,,6.7,
268,,,,,,,,,,,
269,Jurassic World ,2015.0,Colin Trevorrow, Action,USA,English,150000000.0,652270625.0,1670401444.0,7.0,59
270,The Hobbit: The Battle of the Five Armies ,2014.0,Peter Jackson, Adventure,New Zealand,English,250000000.0,255119788.0,956019788.0,7.4,59
271,Dragon: The Bruce Lee Story ,1993.0,Rob Cohen, Action,USA,English,14000000.0,35113743.0,63513743.0,7.0,
272,Mahler ,1974.0,Ken Russell, Biography,UK,English,,,,7.0,
273,'38 ,1986.0,Wolfgang Glück, Drama,Austria,German,,,,6.4,
274,Halloween ,1978.0,John Carpenter, Horror,USA,English,325000.0,47000000.0,47000000.0,7.8,87
275,Comrade X ,1940.0,King Vidor, Comedy,USA,English,,,,6.6,
276,,,,,,,,,,,
277,Daha ,2017.0,Onur Saylak, Crime,Turkey,Arabic,,,129683.0,7.0,
278,A Girl Like Her ,2015.0,Amy S. Weber, Drama,USA,English,,,,7.0,54
279,Bed & Board ,1970.0,François Truffaut, Comedy,France,French,,509.0,509.0,7.5,
280,Danmarks sonner ,2019.0,Ulaa Salim, Drama,Denmark,Danish,,,13219.0,6.4,
281,Le premier jour du reste de ta vie ,2008.0,Rémi Bezançon, Drama,France,French,,,13247396.0,7.6,
282,Starred Up ,2013.0,David Mackenzie, Crime,UK,English,,54915.0,3025189.0,7.4,81
283,Ashoka the Great ,2001.0,Santosh Sivan, Action,India,Hindi,130000000.0,731277.0,1340718.0,6.5,
284,Mary Poppins Returns ,2018.0,Rob Marshall, Comedy,USA,English,130000000.0,171958438.0,349545966.0,6.7,66
285,Exit Through the Gift Shop ,2010.0,Banksy, Documentary,UK,English,,3291250.0,5386242.0,8.0,85
286,Then Came You ,2018.0,Peter Hutchings, Adventure,USA,,,,223649.0,7.0,44
287,Zero Day ,2002.0,Ben Coccio, Drama,USA,English,20000.0,8466.0,8466.0,7.2,69
288,Kiss of the Dragon ,2001.0,Chris Nahon, Action,France,English,25000000.0,36845124.0,64437847.0,6.6,58
289,Che sau ,2012.0,Soi Cheang, Action,Hong Kong,Cantonese,,,2776214.0,5.9,
290,Skate Kitchen ,2018.0,Crystal Moselle, Drama,USA,English,,236799.0,287307.0,6.8,72
291,The Trouble with Harry ,1955.0,Alfred Hitchcock, Comedy,USA,English,1200000.0,,,7.1,74
292,Devlet Kusu ,1980.0,Memduh Ün, Comedy,Turkey,Turkish,,,,7.0,
293,Fingers ,1978.0,James Toback, Crime,USA,English,1300000.0,,,6.8,
294,Total Recall ,2012.0,Len Wiseman, Action,USA,English,125000000.0,58877969.0,198467168.0,6.3,43
295,Lichter ,2003.0,Hans-Christian Schmid, Drama,Germany,German,,,804054.0,7.6,
296,Zebrahead ,1992.0,Anthony Drazan, Drama,USA,English,,1557771.0,1557771.0,6.3,
297,The Zohar Secret ,2016.0,Vladek Zankovsky, Comedy,Israel,Russian,,,,6.2,
298,Bibliotheque Pascal ,2010.0,Szabolcs Hajdu, Drama,Germany,Romanian,,,29051.0,7.1,
299,War Room ,2015.0,Alex Kendrick, Drama,USA,English,3000000.0,67790117.0,73256266.0,6.5,26
300,La chispa de la vida ,2011.0,Álex de la Iglesia, Drama,Spain,Spanish,,,1340269.0,6.1,32
301,Spaceballs ,1987.0,Mel Brooks, Adventure,USA,English,22700000.0,38119483.0,38119483.0,7.1,46
302,The Five Man Army ,1969.0,Don Taylor, Action,Italy,Italian,,,,6.7,
303,,,,,,,,,,,
304,La delicatesse ,2011.0,David Foenkinos, Comedy,France,French,7000000.0,498584.0,11597420.0,6.6,53
305,Thief ,1981.0,Michael Mann, Action,USA,English,5500000.0,11492915.0,11492915.0,7.4,78
306,Superman II ,1980.0,Richard Lester, Action,USA,English,54000000.0,108185706.0,108185706.0,6.8,83
307,The Counterfeiters ,2007.0,Stefan Ruzowitzky, Crime,Austria,German,4200000.0,5488570.0,18814713.0,7.6,78
308,Shame ,2011.0,Steve McQueen, Drama,UK,English,6500000.0,3909002.0,19123767.0,7.2,72
309,Den radio ,2008.0,Dmitriy Dyachenko, Comedy,Russia,Russian,,,5998707.0,7.4,
310,The Devil-Doll ,1936.0,Tod Browning, Drama,USA,English,,,,7.0,
311,Kauas pilvet karkaavat ,1996.0,Aki Kaurismäki, Comedy,Finland,Finnish,5562154.0,,,7.7,
312,True Colors ,1991.0,Herbert Ross, Drama,USA,English,20000000.0,418807.0,418807.0,6.3,
313,De pere en flic ,2009.0,Émile Gaudreault, Action,Canada,French,,,,6.7,
314,La corrispondenza ,2016.0,Giuseppe Tornatore, Drama,Italy,English,10000000.0,,3832684.0,6.1,
315,Brij Mohan Amar Rahe ,2017.0,Nikhil Bhat, Comedy,India,Hindi,,,,6.8,
316,Irina Palm ,2007.0,Sam Garbarski, Drama,Belgium,English,4500000.0,44383.0,10610835.0,7.2,55
317,Mr. Holland's Opus ,1995.0,Stephen Herek, Drama,USA,English,23000000.0,82569971.0,106269971.0,7.3,59
318,,,,,,,,,,,
319,Chinese Roulette ,1976.0,Rainer Werner Fassbinder, Drama,West Germany,German,1100000.0,8144.0,8144.0,7.4,
320,Two Weeks Notice ,2002.0,Marc Lawrence, Comedy,USA,English,60000000.0,93354851.0,199043242.0,6.1,42
321,438 dagar ,2019.0,Jesper Ganslandt, Drama,Sweden,Swedish,43000000.0,,,6.9,
322,Against the Current ,2009.0,Peter Callahan, Drama,USA,English,3000000.0,,,6.1,
323,Poramon 2 ,2018.0,Raihan Rafi, Drama,Bangladesh,Bengali,20000000.0,,,6.7,
324,The Adventures of Tom Sawyer ,1938.0,Norman Taurog, Adventure,USA,English,,,,7.1,
325,,,,,,,,,,,
326,The Apple Dumpling Gang ,1975.0,Norman Tokar, Comedy,USA,English,,36853000.0,36853000.0,6.5,59
327,,,,,,,,,,,
328,,,,,,,,,,,
329,Nyfes ,2004.0,Pantelis Voulgaris, Drama,Greece,English,,,5000509.0,7.6,
330,The Devil's Backbone ,2001.0,Guillermo del Toro, Drama,Mexico,Spanish,4500000.0,755249.0,6582065.0,7.4,78
331,House of Strangers ,1949.0,Joseph L. Mankiewicz, Crime,USA,English,,,,7.4,
332,,,,,,,,,,,
333,Little Boy Blue ,1997.0,Antonio Tibaldi, Drama,USA,English,,12958.0,12958.0,6.3,
334,,,,,,,,,,,
335,Sands of Iwo Jima ,1949.0,Allan Dwan, Action,USA,English,1000000.0,,,7.1,75
336,Provoked: A True Story ,2006.0,Jag Mundhra, Biography,UK,English,,761740.0,3135419.0,6.6,39
337,Chinthavishtayaya Shyamala ,1998.0,Sreenivasan, Comedy,India,Malayalam,,,,8.0,
338,The Revengers' Comedies ,1998.0,Malcolm Mowbray, Comedy,UK,English,,,,6.2,
339,Charlie's Country ,2013.0,Rolf de Heer, Drama,Australia,Aboriginal,,42937.0,202966.0,7.2,75
340,Akahige ,1965.0,Akira Kurosawa, Drama,Japan,Japanese,,46808.0,46808.0,8.4,
341,Miss You Already ,2015.0,Catherine Hardwicke, Comedy,UK,English,,1162653.0,7573997.0,6.8,59
342,Hell Drivers ,1957.0,Cy Endfield, Crime,UK,English,,,,7.2,
343,,,,,,,,,,,
344,On a retrouve la 7eme compagnie ! ,1975.0,Robert Lamoureux, Comedy,France,French,,,,6.7,
345,16 Blocks ,2006.0,Richard Donner, Action,USA,English,52000000.0,36895141.0,65664721.0,6.6,63
346,Yu wo wakasuhodo no atsui ai ,2016.0,Ryôta Nakano, Drama,Japan,Japanese,,,160697.0,7.5,
347,Les Miserables ,1998.0,Bille August, Crime,UK,English,,14096321.0,14096321.0,7.5,
348,When the Raven Flies ,1984.0,Hrafn Gunnlaugsson, Action,Iceland,Icelandic,,,,6.7,
349,Manorama Six Feet Under ,2007.0,Navdeep Singh, Crime,India,Hindi,,,141551.0,7.6,
350,,,,,,,,,,,
351,The Emperor's New Groove ,2000.0,Mark Dindal, Animation,USA,English,100000000.0,89302687.0,169327687.0,7.3,70
352,Hemlock Society ,2012.0,Srijit Mukherji, Comedy,India,Bengali,,,,7.4,
353,Four Lions ,2010.0,Christopher Morris, Comedy,UK,English,,304616.0,6149356.0,7.3,68
354,Noah's Ark ,1959.0,Bill Justice, Animation,USA,English,,,,6.3,
355,Carnage: Swallowing the Past ,2017.0,Simon Amstell, Comedy,UK,English,,,,7.8,
356,Hamlet 2 ,2008.0,Andrew Fleming, Comedy,USA,English,9000000.0,4886216.0,4925288.0,6.3,54
357,,,,,,,,,,,
358,La vida de los peces ,2010.0,Matías Bize, Drama,Chile,Spanish,,,233603.0,6.8,
359,Monsoon Mangoes ,2016.0,Abi Varghese, Comedy,India,Malayalam,,,,6.7,
360,,,,,,,,,,,
361,The Real Blonde ,1997.0,Tom DiCillo, Comedy,USA,English,,83488.0,83488.0,6.0,48
362,Close My Eyes ,1991.0,Stephen Poliakoff, Drama,UK,English,,135893.0,135893.0,6.3,
363,Fighting with My Family ,2019.0,Stephen Merchant, Biography,UK,English,11000000.0,22958886.0,40811919.0,7.1,68
364,,,,,,,,,,,
365,Snow Flower and the Secret Fan ,2011.0,Wayne Wang, Drama,China,English,6000000.0,1348205.0,11348205.0,6.1,42
366,The Great Muppet Caper ,1981.0,Jim Henson, Adventure,UK,English,,31206251.0,31206251.0,7.2,70
367,Darkon ,2006.0,Luke Meyer, Documentary,USA,English,,,,6.8,
368,Lilies - Les feluettes ,1996.0,John Greyson, Crime,Canada,English,2200000.0,301548.0,301548.0,7.3,
369,Rebel in the Rye ,2017.0,Danny Strong, Biography,USA,English,,378294.0,944370.0,6.7,46
370,The Last Starfighter ,1984.0,Nick Castle, Action,USA,English,15000000.0,28733290.0,28733290.0,6.8,67
371,Papa Hemingway in Cuba ,2015.0,Bob Yari, Biography,USA,English,,1115615.0,1153690.0,6.3,37
372,Das Boot ,1981.0,Wolfgang Petersen, Adventure,West Germany,German,32000000.0,11487676.0,11487676.0,8.3,86
373,If You Meet Sartana... Pray for Your Death ,1968.0,Gianfranco Parolini, Action,Italy,Italian,137000000.0,,,6.5,
374,Air Force One ,1997.0,Wolfgang Petersen, Action,USA,English,85000000.0,172956409.0,315156409.0,6.5,61
375,Continental Divide ,1981.0,Michael Apted, Comedy,USA,English,,15578237.0,15578237.0,6.2,64
376,Ring ,1998.0,Hideo Nakata, Horror,Japan,Japanese,1200000.0,,59001.0,7.2,
377,"Mystery, Alaska ",1999.0,Jay Roach, Comedy,Canada,English,28000000.0,8891623.0,8891623.0,6.7,49
378,Le guignolo ,1980.0,Georges Lautner, Comedy,France,French,,,,6.1,
379,Film Stars Don't Die in Liverpool ,2017.0,Paul McGuigan, Biography,UK,English,10000000.0,1026124.0,4047917.0,6.7,65
380,Mutiny on the Bounty ,1935.0,Frank Lloyd, Adventure,USA,English,1950000.0,,,7.7,87
381,,,,,,,,,,,
382,Bank Bang ,2008.0,Argyris Papadimitropoulos, Comedy,Greece,Greek,,,4134386.0,6.1,
383,The Herd ,1978.0,Zeki Ökten, Drama,Turkey,Kurdish,,,,8.3,
384,Vanishing Point ,1971.0,Richard C. Sarafian, Action,USA,English,1585000.0,12442673.0,12442673.0,7.2,61
385,Traitor ,2008.0,Jeffrey Nachmanoff, Action,USA,English,22000000.0,23530831.0,27675014.0,7.0,61
386,Red Garters ,1954.0,George Marshall, Action,USA,English,,1300000.0,,6.0,
387,Sangailes vasara ,2015.0,Alante Kavaite, Drama,Lithuania,Lithuanian,,4480.0,54256.0,6.4,63
388,The First Wives Club ,1996.0,Hugh Wilson, Comedy,USA,English,26000000.0,105489203.0,181489203.0,6.4,58
389,Midway ,1976.0,Jack Smight, Action,USA,English,,43220000.0,,6.8,48
390,The Secret Men Club ,2019.0,Khaled El Halafawy, Comedy,Egypt,Arabic,,,1099982.0,6.6,
391,Johnny Belinda ,1948.0,Jean Negulesco, Drama,USA,English,,,,7.7,
392,It Could Happen to You ,1994.0,Andrew Bergman, Comedy,USA,English,20000000.0,37939757.0,37939757.0,6.4,64
393,Soloalbum ,2003.0,Gregor Schnitzler, Comedy,Germany,German,,,2421304.0,6.0,
394,,,,,,,,,,,
395,The Spiral Staircase ,1946.0,Robert Siodmak, Drama,USA,English,,,,7.4,
396,Inspiration ,2016.0,Jason Armstrong, Horror,Canada,English,,,,6.5,
397,Draft Day ,2014.0,Ivan Reitman, Drama,USA,English,25000000.0,28842237.0,29824199.0,6.8,54
398,Kill Me Three Times ,2014.0,Kriv Stenders, Action,USA,English,,24296.0,101807.0,5.8,30
399,Midnight Run ,1988.0,Martin Brest, Action,USA,English,30000000.0,38413606.0,81613606.0,7.5,78
400,The FBI Story ,1959.0,Mervyn LeRoy, Crime,USA,English,,,,6.6,
401,Heung Gong jai jo ,1997.0,Fruit Chan, Comedy,Hong Kong,Cantonese,,17843.0,17843.0,7.5,
402,Hello Guru Prema Kosame ,2018.0,Trinadha Rao Nakkina, Comedy,India,Telugu,,,21160.0,7.1,
403,,,,,,,,,,,
404,The Artist ,2011.0,Michel Hazanavicius, Comedy,France,English,15000000.0,44671682.0,133432856.0,7.9,89
405,Inja bedoone man ,2011.0,Bahram Tavakoli, Drama,Iran,Persian,,,,7.9,
406,Spencer's Mountain ,1963.0,Delmer Daves, Drama,USA,English,,,,7.1,
407,One Flew Over the Cuckoo's Nest  ,1975.0,Milos Forman, Drama,USA,English,3000000.0,108981275.0,108997629.0,8.7,83
408,Child's Play ,1988.0,Tom Holland, Fantasy,USA,English,9000000.0,33244684.0,44196684.0,6.6,58
409,On Golden Pond ,1981.0,Mark Rydell, Drama,USA,English,,119285432.0,119285432.0,7.6,68
410,Shi yue wei cheng ,2009.0,Teddy Chan, Action,China,Mandarin,23000000.0,,6604537.0,6.8,
411,Le gout des merveilles ,2015.0,Éric Besnard, Comedy,France,French,,,4108042.0,6.8,
412,Citizen ,2001.0,Saravana Subaiya, Action,India,Tamil,,,,7.1,
413,The West Point Story ,1950.0,Roy Del Ruth, Comedy,USA,English,,,,6.2,
414,Welcome to Me ,2014.0,Shira Piven, Comedy,USA,English,,608852.0,636819.0,5.9,69
415,Satte Pe Satta ,1982.0,Raj N. Sippy, Action,India,Hindi,,,,7.2,
416,Reign of the Supermen ,2019.0,Sam Liu, Animation,USA,English,,,4223.0,6.8,
417,Epic ,2013.0,Chris Wedge, Animation,USA,English,100000000.0,107518682.0,268426634.0,6.7,52
418,Eagle Eye ,2008.0,D.J. Caruso, Action,USA,English,80000000.0,101440743.0,178767383.0,6.6,43
419,Tucker: The Man and His Dream ,1988.0,Francis Ford Coppola, Biography,USA,English,23000000.0,19652638.0,19652638.0,6.9,74
420,North Shore ,1987.0,William Phelps, Action,USA,English,,3832228.0,3832228.0,6.5,31
421,O vasilias ,2002.0,Nikos Grammatikos, Drama,Greece,Greek,,,,8.1,
422,My Life Without Me ,2003.0,Isabel Coixet, Drama,Spain,English,2000000.0,400948.0,9781854.0,7.5,57
423,Au Hasard Balthazar ,1966.0,Robert Bresson, Drama,France,French,,45406.0,45406.0,7.9,100
424,Breaking Upwards ,2009.0,Daryl Wein, Romance,USA,English,15000.0,77389.0,77389.0,6.2,56
425,Ranpo jigoku ,2005.0,Akio Jissôji, Fantasy,Japan,Japanese,,,217.0,6.3,
426,,,,,,,,,,,
427,Heat ,1972.0,Paul Morrissey, Comedy,USA,English,,,,6.2,
428,Kramer vs. Kramer ,1979.0,Robert Benton, Drama,USA,English,8000000.0,106260000.0,106260000.0,7.8,77
429,Papillon ,1973.0,Franklin J. Schaffner, Biography,France,English,12000000.0,53267000.0,53267000.0,8.0,58
430,Wittgenstein ,1993.0,Derek Jarman, Biography,UK,English,300000.0,,,7.0,
431,Krampus ,2015.0,Michael Dougherty, Comedy,USA,English,15000000.0,42725475.0,61548707.0,6.1,49
432,Mutiny on the Bounty ,1962.0,Lewis Milestone, Adventure,USA,English,19000000.0,,,7.3,48
433,Miss Stevens ,2016.0,Julia Hart, Comedy,USA,English,,4611.0,138535.0,6.6,65
434,Incir Receli ,2011.0,Aytaç Agirlar, Drama,Turkey,Turkish,,,1066192.0,6.5,
435,The Red Balloon ,1956.0,Albert Lamorisse, Short,France,French,,34570.0,48980.0,8.2,
436,,,,,,,,,,,
437,Hunterrr ,2015.0,Harshavardhan Kulkarni, Comedy,India,Hindi,45000000.0,,,7.0,
438,Canoa: A Shameful Memory ,1976.0,Felipe Cazals, Adventure,Mexico,Spanish,,,,7.9,
439,Ahista Ahista ,2006.0,Shivam Nair, Drama,India,Hindi,,,,7.0,
440,Frankenstein Meets the Wolf Man ,1943.0,Roy William Neill, Fantasy,USA,English,,,,6.5,
441,The Reluctant Astronaut ,1967.0,Edward Montagne, Comedy,USA,English,,,,6.4,
442,Shoppen ,2006.0,Ralf Westhoff, Comedy,Germany,German,,,3557797.0,7.2,
443,Total Recall ,1990.0,Paul Verhoeven, Action,USA,English,65000000.0,119412921.0,261317921.0,7.5,57
444,Guest in the House ,1944.0,John Brahm, Drama,USA,English,,,,6.2,
445,Clown Motel: Spirits Arise ,2019.0,Joseph Kelly, Horror,USA,English,,,2080.0,5.1,
446,The Rachel Papers ,1989.0,Damian Harris, Drama,UK,English,,201468.0,201468.0,6.1,56
447,,,,,,,,,,,
448,Dr. Jack ,1922.0,Fred C. Newmeyer, Comedy,USA,None,113440.0,,,7.1,
449,,,,,,,,,,,
450,The Beyond ,1981.0,Lucio Fulci, Horror,Italy,Italian,400000.0,123843.0,123843.0,6.8,38
451,The Texas Chain Saw Massacre ,1974.0,Tobe Hooper, Horror,USA,English,300000.0,30859000.0,30859000.0,7.5,78
452,Bastards ,2006.0,Aleksandr Atanesyan, Action,Russia,Russian,,,9662551.0,6.1,
453,,,,,,,,,,,
454,"Gas, Food Lodging ",1992.0,Allison Anders, Drama,USA,English,,1342613.0,1342613.0,6.7,
455,Bellflower ,2011.0,Evan Glodell, Action,USA,English,17000.0,168226.0,172935.0,6.4,72
456,Sword of the Beast ,1965.0,Hideo Gosha, Action,Japan,Japanese,,,,7.6,
457,This Is England ,2006.0,Shane Meadows, Crime,UK,English,1500000.0,329379.0,8481254.0,7.7,86
458,Fast Five ,2011.0,Justin Lin, Action,USA,English,125000000.0,209837675.0,626137675.0,7.3,66
459,Dough ,2015.0,John Goldschmidt, Comedy,UK,English,,1148304.0,1647429.0,6.2,44
460,Olsen-banden ser rodt ,1976.0,Erik Balling, Comedy,Denmark,Danish,,,,7.6,
461,Mãe So Ha Uma ,2016.0,Anna Muylaert, Drama,Brazil,Portuguese,,11678.0,204583.0,6.8,77
462,Audition ,1999.0,Takashi Miike, Drama,Japan,Japanese,,131296.0,359853.0,7.2,69
463,Not Cool ,2014.0,Shane Dawson, Comedy,USA,English,800000.0,36026.0,36026.0,4.1,1
464,Hanna's War ,1988.0,Menahem Golan, Biography,USA,English,20000000.0,139796.0,139796.0,6.3,
465,The Amazing Spider-Man 2 ,2014.0,Marc Webb, Action,USA,English,200000000.0,202853933.0,708982323.0,6.6,53
466,Eyes in the Night ,1942.0,Fred Zinnemann, Crime,USA,English,,,,6.9,
467,You hua hao hao shuo ,1997.0,Yimou Zhang, Comedy,Hong Kong,Mandarin,,,,7.2,
468,El-Maslaha ,2012.0,Sandra Nashaat, Action,Egypt,Arabic,,,659554.0,7.0,
469,Flickan ,2009.0,Fredrik Edfeldt, Drama,Sweden,Swedish,,2201.0,230862.0,6.6,69
470,Elefante blanco ,2012.0,Pablo Trapero, Drama,Argentina,Spanish,,8884.0,4387907.0,6.5,67
471,Little Miss Sunshine ,2006.0,Jonathan Dayton, Comedy,USA,English,8000000.0,59891098.0,101058954.0,7.8,80
472,A Legy ,1980.0,Ferenc Rofusz, Animation,Hungary,None,,,,7.5,
473,Butter ,2011.0,Jim Field Smith, Comedy,USA,English,,105018.0,175706.0,6.2,40
474,,,,,,,,,,,
475,A Time to Love and a Time to Die ,1958.0,Douglas Sirk, Drama,USA,English,,,11431.0,7.7,
476,Sunshine ,1999.0,István Szabó, Drama,Germany,English,,5096267.0,7918035.0,7.5,71
477,Dark Shadows ,2012.0,Tim Burton, Comedy,USA,English,150000000.0,79727149.0,245527149.0,6.2,55
478,Sis Hopkins ,1941.0,Joseph Santley, Comedy,USA,English,,,,5.9,
479,Madchen in Uniform ,1958.0,Géza von Radványi, Drama,West Germany,German,,,,7.1,
480,Tommy ,1975.0,Ken Russell, Drama,UK,English,5000000.0,34251525.0,34272986.0,6.6,66
481,Poison ,1991.0,Todd Haynes, Drama,USA,English,250000.0,787280.0,787280.0,6.5,67
482,Don't Tell Mom the Babysitter's Dead ,1991.0,Stephen Herek, Comedy,USA,English,,25196249.0,25196249.0,6.3,35
483,Metropolis ,1927.0,Fritz Lang, Drama,Germany,German,6000000.0,1236166.0,1349711.0,8.3,98
484,Journey Into Life: The World of the Unborn ,1990.0,Derek Bromhall, Documentary,USA,English,,,,6.3,
485,,,,,,,,,,,
486,Quarantine ,2008.0,John Erick Dowdle, Horror,USA,English,12000000.0,31691811.0,41319906.0,5.9,53
487,The Given Word ,1962.0,Anselmo Duarte, Drama,Brazil,Portuguese,,,8229.0,8.3,
488,Sneakers ,1992.0,Phil Alden Robinson, Comedy,USA,English,23000000.0,51432691.0,105232691.0,7.1,65
489,Cruel Intentions ,1999.0,Roger Kumble, Drama,USA,English,10500000.0,38773785.0,76347426.0,6.8,56
490,The Lift ,1983.0,Dick Maas, Horror,Netherlands,Dutch,350000.0,,,6.2,
491,Bonneville ,2006.0,Christopher N. Rowley, Comedy,USA,English,,488393.0,1338570.0,6.2,46
492,The Strangers ,2008.0,Bryan Bertino, Horror,USA,English,9000000.0,52597610.0,82410456.0,6.2,47
493,Professor Marston and the Wonder Women ,2017.0,Angela Robinson, Biography,USA,English,,1584759.0,1899615.0,7.1,68
494,Dopperugengâ ,2003.0,Kiyoshi Kurosawa, Comedy,Japan,Japanese,,,,6.4,
495,The French Connection ,1971.0,William Friedkin, Action,USA,English,1800000.0,51700000.0,51700000.0,7.7,94
496,Key Largo ,1948.0,John Huston, Action,USA,English,,7017420.0,9524420.0,7.8,
497,Uncut Gems ,2019.0,Benny Safdie, Crime,USA,English,19000000.0,50023780.0,50023780.0,7.4,91
498,,,,,,,,,,,
499,Kinatay ,2009.0,Brillante Mendoza, Crime,France,Filipino,800000.0,,,6.6,57
500,Newsies ,1992.0,Kenny Ortega, Drama,USA,English,15000000.0,2819485.0,2819485.0,7.0,46
501,Moon ,2009.0,Duncan Jones, Drama,UK,English,5000000.0,5010163.0,9760107.0,7.9,67
502,,,,,,,,,,,
503,Tholi Prema ,1998.0,A. Karunakaran, Drama,India,Telugu,,,,8.2,
504,Pyaar Kiya To Darna Kya ,1998.0,Sohail Khan, Action,India,Hindi,,,,6.7,
505,Open Your Eyes ,1997.0,Alejandro Amenábar, Drama,Spain,Spanish,370000000.0,370720.0,377967.0,7.7,
506,Powidoki ,2016.0,Andrzej Wajda, Biography,Poland,Polish,,33443.0,1032768.0,7.0,75
507,The Age of Shadows ,2016.0,Jee-woon Kim, Action,South Korea,Korean,8620000.0,541719.0,54491162.0,7.1,78
508,War Dogs ,2016.0,Todd Phillips, Biography,USA,English,40000000.0,43034523.0,86234523.0,7.1,57
509,Mune: Guardian of the Moon ,2014.0,Alexandre Heboyan, Animation,France,French,17000000.0,,8574386.0,7.2,
510,Louder Than Bombs ,2015.0,Joachim Trier, Drama,Norway,English,11000000.0,163807.0,1160724.0,6.6,70
511,Teer enta ,2009.0,Ahmed El Guindi, Comedy,Egypt,Arabic,,,437868.0,7.2,
512,Insidious: Chapter 3 ,2015.0,Leigh Whannell, Horror,Canada,English,10000000.0,52218558.0,112983889.0,6.1,52
513,,,,,,,,,,,
514,The Asphyx ,1972.0,Peter Newbrook, Horror,UK,English,,,,6.3,
515,The Hunting Party ,1971.0,Don Medford, Action,UK,English,1600000.0,,,6.3,
516,Beware of a Holy Whore ,1971.0,Rainer Werner Fassbinder, Comedy,West Germany,Italian,1100000.0,8144.0,8144.0,6.8,
517,Taal ,1999.0,Subhash Ghai, Musical,India,Hindi,,2020532.0,2020532.0,6.7,
518,,,,,,,,,,,
519,,,,,,,,,,,
520,The Spider's Stratagem ,1970.0,Bernardo Bertolucci, Drama,Italy,Italian,,,,6.9,
521,1944 ,2015.0,Elmo Nüganen, Drama,Estonia,Estonian,1620000.0,,109768.0,7.1,
522,Fur: An Imaginary Portrait of Diane Arbus ,2006.0,Steven Shainberg, Biography,USA,English,16800000.0,223202.0,2312717.0,6.5,50
523,,,,,,,,,,,
524,,,,,,,,,,,
525,Balkanski spijun ,1984.0,Dusan Kovacevic, Comedy,Yugoslavia,Serbo-Croatian,,,,8.9,
526,Inxeba ,2017.0,John Trengove, Drama,South Africa,Xhosa,,30678.0,213043.0,6.7,80
527,Adventureland ,2009.0,Greg Mottola, Comedy,USA,English,,16044025.0,17164820.0,6.8,76
528,Bartleby ,2001.0,Jonathan Parker, Comedy,USA,English,,148479.0,148479.0,6.4,48
529,Don't Tempt Me ,2001.0,Agustín Díaz Yanes, Crime,Spain,Spanish,1200000.0,77858.0,3340382.0,6.5,31
530,Every Day ,2018.0,Michael Sucsy, Drama,Canada,English,4900000.0,6102076.0,10421847.0,6.4,52
531,December 7th ,1943.0,John Ford, Documentary,USA,English,,,,6.1,
532,Strange Cargo ,1940.0,Frank Borzage, Adventure,USA,English,1252000.0,,,6.9,
533,De dodes tjern ,1958.0,Kåre Bergstrøm, Horror,Norway,Norwegian,,,,7.2,
534,Vi ar bast! ,2013.0,Lukas Moodysson, Drama,Sweden,Swedish,,180590.0,1604273.0,7.2,87
535,Sky Blue ,2003.0,Moon-saeng Kim, Animation,South Korea,Korean,9750000.0,74663.0,197221.0,6.7,53
536,After.Life ,2009.0,Agnieszka Wojtowicz-Vosloo, Drama,USA,English,4500000.0,108595.0,2425535.0,5.9,36
537,"Come Back to the 5 & Dime, Jimmy Dean, Jimmy Dean ",1982.0,Robert Altman, Comedy,USA,English,850000.0,840958.0,840958.0,7.2,
538,Handler der vier Jahreszeiten ,1972.0,Rainer Werner Fassbinder, Drama,West Germany,German,325000.0,8144.0,8144.0,7.4,
539,Dipu Number 2 ,1996.0,Morshedul Islam, Adventure,Bangladesh,Bengali,,,,8.9,
540,Above the Rim ,1994.0,Jeff Pollack, Crime,USA,English,3500000.0,16192320.0,16192320.0,6.6,
541,Kunsten at græde i kor ,2006.0,Peter Schønau Fog, Comedy,Denmark,Danish,,,2277494.0,7.4,
542,Propaganda ,1999.0,Sinan Çetin, Comedy,Turkey,Turkish,,,,7.1,
543,Quadrophenia ,1979.0,Franc Roddam, Drama,UK,English,,,,7.3,79
544,Identity ,2003.0,James Mangold, Mystery,USA,English,28000000.0,52159536.0,90259536.0,7.3,64
545,,,,,,,,,,,
546,They Won't Believe Me ,1947.0,Irving Pichel, Drama,USA,English,,,,7.2,
547,L'effrontee ,1985.0,Claude Miller, Comedy,France,French,,,,6.9,
548,Rocket Gibraltar ,1988.0,Daniel Petrie, Drama,USA,English,3000000.0,187349.0,187349.0,6.6,
549,The Fifth Estate ,2013.0,Bill Condon, Biography,USA,English,28000000.0,3255008.0,9058564.0,6.2,49
550,En duva satt pa en gren och funderade pa tillvaron ,2014.0,Roy Andersson, Comedy,Sweden,Swedish,,222989.0,1472431.0,7.0,81
551,The Expendables 2 ,2012.0,Simon West, Action,USA,English,100000000.0,85028192.0,314975955.0,6.6,51
552,Take Me Home Tonight ,2011.0,Michael Dowse, Comedy,USA,English,23000000.0,6928068.0,7550073.0,6.3,42
553,Paskal: The Movie ,2018.0,Adrian Teh, Action,Malaysia,Malay,,,,6.8,
554,Cutter's Way ,1981.0,Ivan Passer, Crime,USA,English,3000000.0,1729274.0,1752634.0,6.9,70
555,"Deprisa, Deprisa ",1981.0,Carlos Saura, Crime,Spain,Spanish,36000000.0,,,7.0,
556,"Out 1, noli me tangere ",1971.0,Jacques Rivette, Drama,France,French,,31539.0,37743.0,7.8,87
557,Xin shu shan jian ke ,1983.0,Hark Tsui, Action,Hong Kong,Cantonese,,,,6.6,
558,What Happened to Monday ,2017.0,Tommy Wirkola, Action,UK,English,,,27975429.0,6.9,47
559,The Out of Towners ,1970.0,Arthur Hiller, Comedy,USA,English,,4337392.0,,7.1,72
560,,,,,,,,,,,
561,Horrible Bosses 2 ,2014.0,Sean Anders, Comedy,USA,English,42000000.0,54445357.0,107645357.0,6.3,40
562,The Ones Below ,2015.0,David Farr, Drama,UK,English,,12488.0,121827.0,6.1,63
563,The Peanut Butter Falcon ,2019.0,Tyler Nilson, Comedy,USA,English,6200000.0,20457151.0,23728475.0,7.6,70
564,Bizim Aile ,1975.0,Ergin Orbey, Comedy,Turkey,Turkish,,,,8.4,
565,For Lovers Only ,2011.0,Michael Polish, Comedy,USA,English,,,,7.1,
566,Buffalo Soldiers ,2001.0,Gregor Jordan, Comedy,UK,English,15000000.0,354421.0,2300684.0,6.8,56
567,The Beguiled ,1971.0,Don Siegel, Drama,USA,English,,1100000.0,1113069.0,7.2,66
568,Diary of a Chambermaid ,1964.0,Luis Buñuel, Crime,France,French,,17754.0,,7.5,
569,Family Resemblances ,1996.0,Cédric Klapisch, Comedy,France,French,3800000.0,92806.0,92806.0,7.5,
570,,,,,,,,,,,
571,That Night ,1992.0,Craig Bolotin, Drama,France,English,,20194.0,20194.0,6.7,
572,A King in New York ,1957.0,Charles Chaplin, Comedy,UK,English,,,,7.1,
573,Mamma Mia! ,2008.0,Phyllida Lloyd, Comedy,USA,English,52000000.0,144169664.0,609913584.0,6.4,51
574,Jeffrey ,1995.0,Christopher Ashley, Comedy,USA,English,,3487767.0,3487767.0,6.8,
575,,,,,,,,,,,
576,Jak rozpetalem druga wojne swiatowa ,1970.0,Tadeusz Chmielewski, Adventure,Poland,Polish,,,,8.0,
577,Le mystere Henri Pick ,2019.0,Rémi Bezançon, Comedy,France,French,,,9542178.0,6.7,
578,Octopussy ,1983.0,John Glen, Action,UK,English,27500000.0,67893619.0,67893619.0,6.6,63
579,Nativity! ,2009.0,Debbie Isitt, Comedy,UK,English,,,8494434.0,6.4,
580,Murder at the Gallop ,1963.0,George Pollock, Comedy,UK,English,,,,7.3,
581,Shower ,1999.0,Yang Zhang, Comedy,China,Mandarin,,1157764.0,2170446.0,7.5,74
582,Yogen ,2004.0,Norio Tsuruta, Horror,Japan,Japanese,,,652525.0,6.2,
583,The Game ,1997.0,David Fincher, Action,USA,English,50000000.0,48323648.0,109423648.0,7.8,61
584,The Street ,1976.0,Caroline Leaf, Animation,Canada,English,,,,6.6,
585,The McKenzie Break ,1970.0,Lamont Johnson, Action,Ireland,English,,,,6.5,
586,X: The Unknown ,1956.0,Leslie Norman, Horror,UK,English,,,,6.1,
587,The Addams Family ,1991.0,Barry Sonnenfeld, Comedy,USA,English,30000000.0,113502426.0,191502426.0,6.9,57
588,Ninja: Shadow of a Tear ,2013.0,Isaac Florentine, Action,Thailand,English,2600000.0,,544853.0,6.2,
589,True Confession ,1937.0,Wesley Ruggles, Comedy,USA,English,,,,6.8,73
590,The Last Note ,2017.0,Pantelis Voulgaris, Drama,Greece,Greek,,,,7.6,
591,Crack in the World ,1965.0,Andrew Marton, Action,USA,English,873000.0,,,6.0,
592,,,,,,,,,,,
593,The Cat Concerto ,1947.0,Joseph Barbera, Animation,USA,None,,,,8.2,
594,,,,,,,,,,,
595,Orlando ,1992.0,Sally Potter, Biography,UK,English,4000000.0,5377643.0,5377643.0,7.2,74
596,,,,,,,,,,,
597,Tony Manero ,2008.0,Pablo Larraín, Drama,Chile,Spanish,,20677.0,687406.0,6.8,72
598,Bright Future ,2002.0,Kiyoshi Kurosawa, Drama,Japan,Japanese,1200000.0,5166.0,28463.0,6.8,64
599,EverAfter ,1998.0,Andy Tennant, Comedy,USA,English,26000000.0,65705771.0,98005666.0,7.0,66
600,The Silence ,1963.0,Ingmar Bergman, Drama,Sweden,Swedish,,,5936.0,7.9,
601,The Fire Within ,1963.0,Louis Malle, Drama,France,French,,,,8.0,
602,The Hills Have Eyes ,2006.0,Alexandre Aja, Horror,USA,English,15000000.0,41778863.0,70009308.0,6.4,52
603,School of the Americas Assassins ,1994.0,Robert Richter, Short,USA,English,,,,6.5,
604,Hokkabaz ,2006.0,Ali Taner Baltaci, Comedy,Turkey,English,,,9156764.0,7.4,
605,The Rocky Horror Picture Show ,1975.0,Jim Sharman, Comedy,UK,English,1200000.0,112892319.0,113140497.0,7.4,65
606,Backlash ,1956.0,John Sturges, Action,USA,English,1025000.0,,,6.6,
607,Searching for Bobby Fischer ,1993.0,Steven Zaillian, Biography,USA,English,12000000.0,7266383.0,7266383.0,7.4,89
608,Lu bian ye can ,2015.0,Bi Gan, Drama,China,Mandarin,200000.0,32164.0,935236.0,7.3,85
609,The Unbelievable Truth ,1989.0,Hal Hartley, Comedy,USA,English,75000.0,,,7.3,67
610,United ,2003.0,Magnus Martens, Comedy,Norway,Norwegian,6400000.0,,1032021.0,6.2,
611,,,,,,,,,,,
612,Dumplin' ,2018.0,Anne Fletcher, Comedy,USA,English,,,399198.0,6.6,53
613,La luciernaga ,2013.0,Ana Maria Hermida, Drama,Colombia,Spanish,,,,6.1,
614,The Voices ,2014.0,Marjane Satrapi, Comedy,USA,English,,,2097718.0,6.4,58
615,A Chump at Oxford ,1939.0,Alfred J. Goulding, Comedy,USA,English,,,,7.4,
616,Tristana ,1970.0,Luis Buñuel, Drama,Spain,Spanish,,14586.0,14586.0,7.5,93
617,Big Deal on Madonna Street ,1958.0,Mario Monicelli, Comedy,Italy,Italian,,,,8.0,
618,Naan ,2012.0,Jeeva Shankar, Crime,India,Tamil,,,,7.5,
619,"High Tech, Low Life ",2012.0,Stephen T. Maing, Documentary,China,Mandarin,,3836.0,3836.0,6.9,53
620,Kara Murat: Fatih'in Fermani ,1973.0,Natuk Baytan, Action,Turkey,Turkish,,,,6.1,
621,We Were Soldiers ,2002.0,Randall Wallace, Action,USA,English,75000000.0,78122718.0,115374915.0,7.2,65
622,The Girl from 10th Avenue ,1935.0,Alfred E. Green, Drama,USA,English,,,,6.8,
623,Togo ,2019.0,Ericson Core, Adventure,USA,English,,,,8.0,69
624,I Love You Phillip Morris ,2009.0,Glenn Ficarra, Biography,France,English,13000000.0,2037459.0,20768906.0,6.6,65
625,Zorro: The Gay Blade ,1981.0,Peter Medak, Action,USA,English,,11118000.0,,6.3,52
626,Walk on the Wild Side ,1962.0,Edward Dmytryk, Drama,USA,English,,,,6.7,
627,,,,,,,,,,,
628,One from the Heart ,1981.0,Francis Ford Coppola, Drama,USA,English,26000000.0,636796.0,636796.0,6.5,57
629,,,,,,,,,,,
630,Laissez bronzer les cadavres ,2017.0,Hélène Cattet, Thriller,France,French,,93409.0,93409.0,6.3,62
631,John Rabe ,2009.0,Florian Gallenberger, Biography,France,Cantonese,20000000.0,67519.0,1484665.0,7.2,57
632,OrAngeLove ,2007.0,Alan Badoev, Drama,Ukraine,Russian,980000.0,,102212.0,6.7,
633,Tomboy ,2011.0,Céline Sciamma, Drama,France,French,1000000.0,129834.0,1437501.0,7.4,74
634,Mr. Lucky ,1943.0,H.C. Potter, Comedy,USA,English,,,,7.1,
635,Billy Lynn's Long Halftime Walk ,2016.0,Ang Lee, Action,UK,English,40000000.0,1738477.0,30930984.0,6.2,53
636,,,,,,,,,,,
637,Thumbsucker ,2005.0,Mike Mills, Comedy,USA,English,4000000.0,1328679.0,2138742.0,6.6,69
638,Moodar Koodam ,2013.0,Naveen, Comedy,India,Tamil,,,,7.7,
639,Crack-Up ,1946.0,Irving Reis, Crime,USA,English,,,,6.5,
640,10 Rillington Place ,1971.0,Richard Fleischer, Biography,UK,English,,,,7.6,
641,Lascars ,2009.0,Emmanuel Klotz, Animation,France,French,10000000.0,,4813882.0,7.0,
642,Goyangileul butaghae ,2001.0,Jae-eun Jeong, Drama,South Korea,Korean,,9866.0,9866.0,7.3,69
643,Gung Ho ,1986.0,Ron Howard, Comedy,USA,English,18000000.0,36611610.0,36611610.0,6.3,48
644,Death on the Nile ,1978.0,John Guillermin, Crime,UK,English,7920000.0,14560084.0,14568801.0,7.3,59
645,,,,,,,,,,,
646,Fjols til fjells ,1957.0,Edith Carlmar, Comedy,Norway,Norwegian,,,,7.3,
647,Infinity Chamber ,2016.0,Travis Milloy, Sci-Fi,USA,English,,,,6.2,
648,Someone Special ,2004.0,Jin Jang, Comedy,South Korea,Korean,,,,7.0,
649,The Fisher King ,1991.0,Terry Gilliam, Comedy,USA,English,24000000.0,41895491.0,41895491.0,7.5,61
650,The Twelve Chairs ,1970.0,Mel Brooks, Comedy,USA,English,,1806258.0,,6.5,
651,The Amazing Mr. Blunden ,1972.0,Lionel Jeffries, Family,UK,English,,,,6.9,
652,The Ugly American ,1963.0,George Englund, Adventure,USA,English,,,,6.7,
653,,,,,,,,,,,
654,Lo squartatore di New York ,1982.0,Lucio Fulci, Horror,Italy,Italian,,,,6.4,
655,Destination: Dewsbury ,2018.0,Jack Spring, Comedy,UK,English,150000.0,,,5.8,
656,The Hot Spot ,1990.0,Dennis Hopper, Crime,USA,English,13000000.0,1293976.0,1293976.0,6.4,56
657,She Wore a Yellow Ribbon ,1949.0,John Ford, Western,USA,English,1600000.0,,,7.3,
658,Emma ,1996.0,Douglas McGrath, Comedy,UK,English,6000000.0,22231658.0,22231658.0,6.6,66
659,Paavada ,2016.0,G. Marthandan, Comedy,India,Malayalam,,,24985.0,6.2,
660,Why Him? ,2016.0,John Hamburg, Comedy,USA,English,38000000.0,60323786.0,118102725.0,6.2,39
661,High Crimes ,2002.0,Carl Franklin, Crime,USA,English,42000000.0,41543917.0,63781810.0,6.4,48
662,,,,,,,,,,,
663,Ik ook van jou ,2001.0,Ruud van Hemert, Drama,Netherlands,Dutch,,,,6.1,
664,Bella ,2006.0,Alejandro Monteverde, Drama,USA,English,3300000.0,8070537.0,12083296.0,7.2,47
665,Schneider vs. Bax ,2015.0,Alex van Warmerdam, Comedy,Netherlands,Dutch,3000000.0,,278660.0,6.6,
666,Meshi ,1951.0,Mikio Naruse, Drama,Japan,Japanese,,,,7.7,
667,Taking Off ,1971.0,Milos Forman, Comedy,USA,English,,,,7.4,
668,The Pearl of Death ,1944.0,Roy William Neill, Crime,USA,English,,,,7.2,
669,House by the River ,1950.0,Fritz Lang, Crime,USA,English,,,,7.1,
670,The Sheep Has Five Legs ,1954.0,Henri Verneuil, Comedy,France,French,,,,6.7,
671,Coldblooded ,1995.0,Wallace Wolodarsky, Action,USA,English,,16198.0,16198.0,6.7,
672,Sword of Trust ,2019.0,Lynn Shelton, Comedy,USA,English,,322421.0,323369.0,6.3,70
673,On the Town ,1949.0,Stanley Donen, Comedy,USA,English,2111250.0,,,7.4,71
674,,,,,,,,,,,
675,The Imitation Game ,2014.0,Morten Tyldum, Biography,UK,English,14000000.0,91125683.0,233555708.0,8.0,73
676,,,,,,,,,,,
677,In Old California ,1942.0,William C. McGann, Action,USA,English,,,,6.4,
678,Blackfish ,2013.0,Gabriela Cowperthwaite, Documentary,USA,English,,2073582.0,2303417.0,8.1,83
679,30 Years Ago ,2016.0,Amr Arafa, Drama,Egypt,Arabic,,,379702.0,7.1,
680,Bliss ,1985.0,Ray Lawrence, Comedy,Australia,English,3400000.0,,,6.8,
681,,,,,,,,,,,
682,Mr. Lucky ,1943.0,H.C. Potter, Comedy,USA,English,,,,7.1,
683,Le Bonheur ,1965.0,Agnès Varda, Drama,France,French,,,,7.6,
684,Street Fighter II: The Animated Movie ,1994.0,Gisaburô Sugii, Animation,Japan,Japanese,,,,7.3,
685,The Kids Are All Right ,2010.0,Lisa Cholodenko, Comedy,USA,English,4000000.0,20811365.0,34758951.0,7.0,86
686,,,,,,,,,,,
687,Broadway Melody of 1940 ,1940.0,Norman Taurog, Musical,USA,English,,,,7.4,
688,Narc ,2002.0,Joe Carnahan, Crime,USA,English,6500000.0,10465659.0,12633747.0,7.1,70
689,,,,,,,,,,,
690,Cold Souls ,2009.0,Sophie Barthes, Comedy,USA,English,,905209.0,1134837.0,6.4,69
691,Kray ,2010.0,Aleksey Uchitel, Adventure,Russia,Russian,11000000.0,,5380142.0,6.5,
692,Hollow Triumph ,1948.0,Steve Sekely, Crime,USA,English,,,,6.8,
693,,,,,,,,,,,
694,Air Doll ,2009.0,Hirokazu Koreeda, Drama,Japan,Japanese,,,1208769.0,6.9,64
695,Conversations with Other Women ,2005.0,Hans Canosa, Comedy,UK,English,450000.0,379418.0,982814.0,7.0,62
696,,,,,,,,,,,
697,A Night at the Roxbury ,1998.0,John Fortenberry, Comedy,USA,English,17000000.0,30331165.0,30331165.0,6.3,26
698,Saamy ,2003.0,Hari, Action,India,Tamil,,,510000000.0,7.3,
699,VIPs ,2010.0,Toniko Melo, Biography,Brazil,Portuguese,,,3554533.0,6.6,
700,"Happy, Texas ",1999.0,Mark Illsley, Comedy,USA,English,2500000.0,1955933.0,1955933.0,6.3,62
701,Whoopee! ,1930.0,Thornton Freeland, Comedy,USA,English,,,,6.3,
702,Mary Poppins Returns ,2018.0,Rob Marshall, Comedy,USA,English,130000000.0,171958438.0,349545966.0,6.7,66
703,Inside ,2007.0,Alexandre Bustillo, Horror,France,French,2400000.0,,792184.0,6.8,
704,Sof Ha'Olam Smola ,2004.0,Avi Nesher, Drama,Israel,Hebrew,,,,7.0,
705,Dasvidaniya ,2008.0,Shashant Shah, Comedy,India,Hindi,,,372606.0,7.8,
706,Willy Wonka & the Chocolate Factory ,1971.0,Mel Stuart, Family,USA,English,3000000.0,526633.0,527081.0,7.8,67
707,Huang feihong zhi yingxiong you meng ,2014.0,Roy Hin Yeung Chow, Action,Hong Kong,Mandarin,,,30932534.0,6.5,62
708,The Lost City of Z ,2016.0,James Gray, Action,USA,English,30000000.0,8580410.0,19263938.0,6.6,78
709,Grumpy Old Men ,1993.0,Donald Petrie, Comedy,USA,English,,70172621.0,70172621.0,7.0,53
710,,,,,,,,,,,
711,The Shootist ,1976.0,Don Siegel, Drama,USA,English,,8091910.0,8091910.0,7.6,77
712,Life During Wartime ,2009.0,Todd Solondz, Comedy,USA,English,4500000.0,281447.0,807162.0,6.4,69
713,Summer Palace ,2006.0,Ye Lou, Drama,China,Mandarin,2500000.0,63045.0,143027.0,7.1,79
714,Lan se da men ,2002.0,Chih-yen Yee, Drama,Taiwan,Mandarin,,6242.0,226067.0,7.3,61
715,Pouic-Pouic ,1963.0,Jean Girault, Comedy,France,French,,,,6.5,
716,Some Freaks ,2016.0,Ian MacAllister McDonald, Comedy,USA,English,,,,6.2,67
717,Miracle Mile ,1988.0,Steve De Jarnatt, Action,USA,English,3700000.0,1145404.0,1145404.0,7.0,
718,La flaqueza del bolchevique ,2003.0,Manuel Martín Cuenca, Drama,Spain,Spanish,3000000.0,,275792.0,7.1,
719,,,,,,,,,,,
720,Early Man ,2018.0,Nick Park, Animation,UK,English,50000000.0,8267544.0,54622814.0,6.1,68
721,The Seven-Per-Cent Solution ,1976.0,Herbert Ross, Adventure,UK,English,,,,6.7,
722,The Ax ,2005.0,Costa-Gavras, Comedy,Belgium,French,,,4885946.0,7.4,
723,Bank Bang ,2008.0,Argyris Papadimitropoulos, Comedy,Greece,Greek,,,4134386.0,6.1,
724,Prospect ,2018.0,Christopher Caldwell, Drama,Canada,English,,,22777.0,6.2,68
725,Lo ,2009.0,Travis Betz, Comedy,USA,English,,,,6.6,
726,,,,,,,,,,,
727,The Jacket ,2005.0,John Maybury, Drama,Germany,English,29000000.0,6303762.0,21733230.0,7.1,44
728,The Conformist ,1970.0,Bernardo Bertolucci, Drama,Italy,Italian,750000.0,58657.0,400747.0,8.0,100
729,,,,,,,,,,,
730,Remember ,2015.0,Atom Egoyan, Drama,Canada,English,13000000.0,1184564.0,4235959.0,7.5,52
731,The Legend of Rita ,2000.0,Volker Schlöndorff, Drama,Germany,German,,671565.0,,6.9,
732,Baazigar ,1993.0,Abbas Alibhai Burmawalla, Crime,India,Hindi,40000000.0,,,7.7,
733,Un Franco 14 Pesetas ,2006.0,Carlos Iglesias, Comedy,Spain,Spanish,,,1660476.0,7.1,
734,Our Man in Havana ,1959.0,Carol Reed, Comedy,UK,English,,,,7.2,
735,Starting Over ,1979.0,Alan J. Pakula, Comedy,USA,English,,35649012.0,35649012.0,6.5,64
736,,,,,,,,,,,
737,Bande de filles ,2014.0,Céline Sciamma, Drama,France,French,,60765.0,1862990.0,6.9,85
738,,,,,,,,,,,
739,Defying Gravity ,1997.0,John Keitel, Drama,USA,English,,,,6.6,45
740,The Patriots ,1994.0,Eric Rochant, Thriller,France,French,,,,7.3,
741,The Look of Love ,2013.0,Michael Winterbottom, Biography,UK,English,,21252.0,1318468.0,6.0,57
742,Destiny ,1921.0,Fritz Lang, Drama,Germany,None,,12156.0,12156.0,7.7,
743,Paul Bunyan ,1958.0,Les Clark, Animation,USA,English,,,,7.1,
744,Whacked! ,2002.0,James Bruce, Action,USA,English,,,,5.9,
745,Destroyer ,1943.0,William A. Seiter, Adventure,USA,English,,,,6.3,
746,Max et les ferrailleurs ,1971.0,Claude Sautet, Crime,France,French,,40450.0,40450.0,7.3,
747,Night Crossing ,1982.0,Delbert Mann, Drama,UK,English,10000000.0,8000000.0,8000000.0,6.5,
748,Emperor ,2012.0,Peter Webber, Drama,Japan,English,,3346265.0,14858240.0,6.5,48
749,Land of Plenty ,2004.0,Wim Wenders, Drama,USA,English,,,,6.4,62
750,Don't Torture a Duckling ,1972.0,Lucio Fulci, Horror,Italy,Italian,,,,7.1,
751,Philadelphia ,1993.0,Jonathan Demme, Drama,USA,English,26000000.0,77446440.0,206678440.0,7.7,66
752,,,,,,,,,,,
753,The Gambler ,2014.0,Rupert Wyatt, Crime,USA,English,25000000.0,33680992.0,39280992.0,6.0,55
754,Invisible Stripes ,1939.0,Lloyd Bacon, Crime,USA,English,500000.0,,,6.7,
755,Pranchiyettan and the Saint ,2010.0,Renjith, Comedy,India,Malayalam,,,957.0,8.3,
756,Will ,2011.0,Ellen Perry, Drama,UK,English,,,124104.0,6.9,
757,Blood Simple. ,1984.0,Joel Coen, Crime,USA,English,1500000.0,3851855.0,4227849.0,7.6,82
758,Rebel Without a Cause ,1955.0,Nicholas Ray, Drama,USA,English,1500000.0,199963.0,199963.0,7.7,89
759,My Reputation ,1946.0,Curtis Bernhardt, Drama,USA,English,,,,7.0,
760,Inocente ,2012.0,Sean Fine, Documentary,USA,English,,2142342.0,,7.4,
761,Matador ,1986.0,Pedro Almodóvar, Drama,Spain,Spanish,,279394.0,286126.0,7.0,
762,,,,,,,,,,,
763,Van God Los ,2003.0,Pieter Kuijpers, Crime,Netherlands,Dutch,1027000.0,,1496704.0,7.2,
764,Mirchi ,2013.0,Koratala Siva, Action,India,Telugu,,,5676.0,7.2,
765,The Raven ,1963.0,Roger Corman, Comedy,USA,English,200000.0,,,6.7,
766,Restless Natives ,1985.0,Michael Hoffman, Comedy,UK,English,,,,7.1,
767,Kedarnath ,2018.0,Abhishek Kapoor, Drama,India,Hindi,350000000.0,901131.0,13999297.0,6.6,
768,License to Drive ,1988.0,Greg Beeman, Comedy,USA,English,8000000.0,22433275.0,22433275.0,6.4,36
769,"Tsatsiki, morsan och polisen ",1999.0,Ella Lemhagen, Drama,Sweden,Swedish,,,340968.0,5.8,
770,Asterix et la surprise de Cesar ,1985.0,Gaëtan Brizzi, Animation,France,French,,,,6.8,
771,Julayi ,2012.0,Trivikram Srinivas, Action,India,Telugu,,,,7.2,
772,Koi no tsumi ,2011.0,Sion Sono, Drama,Japan,Japanese,,,246091.0,6.8,56
773,,,,,,,,,,,
774,Komisario Palmun erehdys ,1960.0,Matti Kassila, Comedy,Finland,Finnish,,,,7.9,
775,Entropy ,1999.0,Phil Joanou, Comedy,USA,English,3000000.0,,,6.3,
776,7 Faces of Dr. Lao ,1964.0,George Pal, Fantasy,USA,English,,,,7.2,
777,Children of the Revolution ,1996.0,Peter Duncan, Comedy,Australia,English,,838368.0,838368.0,6.3,76
778,Aunt from Chicago ,1957.0,Alekos Sakellarios, Comedy,Greece,Greek,,,,7.6,
779,,,,,,,,,,,
780,Idiocracy ,2006.0,Mike Judge, Adventure,USA,English,,444093.0,495303.0,6.6,66
781,Don Giovanni ,1979.0,Joseph Losey, Drama,France,Italian,7000000.0,,9519.0,7.6,
782,The Abominable Snowman ,1957.0,Val Guest, Adventure,UK,English,,,,6.4,
783,,,,,,,,,,,
784,Death Race 2000 ,1975.0,Paul Bartel, Action,USA,English,300000.0,,,6.2,59
785,,,,,,,,,,,
786,The Machine Girl ,2008.0,Noboru Iguchi, Action,Japan,Japanese,,,,5.9,
787,Vinci Da ,2019.0,Srijit Mukherji, Crime,India,Bengali,,,,7.3,
788,Mudhalvan ,1999.0,S. Shankar, Action,India,Tamil,,,500000000.0,8.3,
789,The Hebrew Hammer ,2003.0,Jonathan Kesselman, Comedy,USA,English,2000000.0,82157.0,94615.0,6.1,41
790,Mother Wore Tights ,1947.0,Walter Lang, Musical,USA,English,2727000.0,,,6.6,
791,Edtv ,1999.0,Ron Howard, Comedy,USA,English,80000000.0,22431897.0,35242897.0,6.1,48
792,Artemisia ,1997.0,Agnès Merlet, Biography,France,French,,356749.0,356749.0,6.6,
793,,,,,,,,,,,
794,Scialla! (Stai sereno) ,2011.0,Francesco Bruni, Comedy,Italy,Italian,,,3264563.0,6.6,
795,Spy ,2015.0,Paul Feig, Action,USA,English,65000000.0,110825712.0,235666219.0,7.0,75
796,Fanxiao ,2019.0,John Hsu, Horror,Taiwan,Mandarin,,,1687554.0,6.9,
797,The Freshman ,1990.0,Andrew Bergman, Comedy,USA,English,12000000.0,21460601.0,21460601.0,6.4,78
798,Jopog manura ,2001.0,Jin-gyu Cho, Action,South Korea,Korean,,,1211843.0,6.4,
799,House of Dark Shadows ,1970.0,Dan Curtis, Drama,USA,English,750000.0,,,6.4,
800,The Last Man on Earth ,1964.0,Ubaldo Ragona, Drama,Italy,Italian,300000.0,,,6.9,
801,Little Monsters ,2019.0,Abe Forsythe, Comedy,Australia,English,,,97111.0,6.3,59
802,Eteros ego ,2016.0,Sotiris Tsafoulias, Crime,Greece,Greek,,,371528.0,7.9,
803,,,,,,,,,,,
804,Wild Tigers I Have Known ,2006.0,Cam Archer, Drama,USA,English,50000.0,9946.0,28190.0,6.1,52
805,Jolene ,2008.0,Dan Ireland, Drama,USA,English,,,,6.4,31
806,Les orgueilleux ,1953.0,Yves Allégret, Drama,France,French,,,,7.3,
807,Ping Pong Playa ,2007.0,Jessica Yu, Comedy,USA,English,,77907.0,77907.0,5.9,55
808,I Can Only Imagine ,2018.0,Andrew Erwin, Biography,USA,English,7000000.0,83482352.0,86086881.0,7.3,30
809,,,,,,,,,,,
810,The Big Year ,2011.0,David Frankel, Comedy,USA,English,41000000.0,7204138.0,8179416.0,6.2,53
811,The Brighton Miracle ,2019.0,Max Mannix, Drama,Australia,English,4000000.0,,,7.7,
812,Daruchini Dip ,2007.0,Tauquir Ahmed, Comedy,Bangladesh,Bengali,,,,7.8,
813,Kriegerin ,2011.0,David Wnendt, Drama,Germany,German,,,718808.0,6.8,
814,,,,,,,,,,,
815,Santa Claus ,1985.0,Jeannot Szwarc, Adventure,UK,English,50000000.0,23717291.0,23717291.0,6.3,
816,Morgan! ,1966.0,Karel Reisz, Comedy,UK,English,,,,6.7,
817,Heerak Rajar Deshe ,1980.0,Satyajit Ray, Comedy,India,Bengali,,,,8.9,
818,Raising Cain ,1992.0,Brian De Palma, Crime,USA,English,12000000.0,21370057.0,37170057.0,6.1,
819,The Mill and the Cross ,2011.0,Lech Majewski, Drama,Poland,English,,312187.0,1116180.0,6.9,80
820,Sivi kamion crvene boje ,2004.0,Srdjan Koljevic, Adventure,Serbia,Serbian,,,,7.4,
821,War of the Buttons ,1994.0,John Roberts, Adventure,UK,English,,12712.0,12712.0,7.5,
822,Summer Hours ,2008.0,Olivier Assayas, Drama,France,French,4400000.0,1657001.0,7835857.0,7.2,85
823,,,,,,,,,,,
824,Game Over ,1989.0,René Manzor, Action,France,French,,,,6.4,
825,Mr. Holland's Opus ,1995.0,Stephen Herek, Drama,USA,English,23000000.0,82569971.0,106269971.0,7.3,59
826,Whacked! ,2002.0,James Bruce, Action,USA,English,,,,5.9,
827,The Lovers ,2017.0,Azazel Jacobs, Comedy,USA,English,,2194521.0,2216083.0,6.0,76
828,The Attacks of 26/11 ,2013.0,Ram Gopal Varma, Action,India,Hindi,,248346.0,248346.0,6.9,
829,Too Late the Hero ,1970.0,Robert Aldrich, Action,USA,English,6250000.0,,,6.7,
830,Speed ,1994.0,Jan de Bont, Action,USA,English,30000000.0,121248145.0,350448145.0,7.2,78
831,Defending Your Life ,1991.0,Albert Brooks, Comedy,USA,English,,16371128.0,16371128.0,7.2,63
832,We're Back! A Dinosaur's Story ,1993.0,Phil Nibbelink, Animation,USA,English,,9317021.0,9317021.0,6.1,
833,Kad porastem bicu Kengur ,2004.0,Radivoje Andric, Comedy,Serbia,Serbian,,,13793.0,8.4,
834,Furie ,2019.0,Le-Van Kiet, Action,Vietnam,Vietnamese,,594788.0,5756185.0,6.3,
835,Double Lives ,2018.0,Olivier Assayas, Comedy,France,French,,704919.0,3649042.0,6.5,78
836,Alone ,2007.0,Banjong Pisanthanakun, Drama,Thailand,Korean,,,9559978.0,6.5,
837,Una Mujer Fantastica ,2017.0,Sebastián Lelio, Drama,Chile,Spanish,,2020988.0,3702353.0,7.2,86
838,The Four Horsemen of the Apocalypse ,1962.0,Vincente Minnelli, Drama,Mexico,English,7174000.0,,,6.6,
839,The Entertainer ,1960.0,Tony Richardson, Drama,UK,English,,,,7.1,70
840,Backdraft ,1991.0,Ron Howard, Action,USA,English,40000000.0,77868585.0,152368585.0,6.7,38
841,The Sure Thing ,1985.0,Rob Reiner, Comedy,USA,English,4500000.0,18135531.0,18135531.0,7.0,76
842,Soul Men ,2008.0,Malcolm D. Lee, Comedy,USA,English,,12082391.0,12331637.0,6.4,49
843,,,,,,,,,,,
844,,,,,,,,,,,
845,One on One ,1977.0,Lamont Johnson, Drama,USA,English,2000000.0,,,6.5,
846,[Rec] ,2007.0,Jaume Balagueró, Action,Spain,Spanish,1500000.0,,32511655.0,7.4,69
847,Chariots of the Gods ,1970.0,Harald Reinl, Documentary,West Germany,German,,25948300.0,,6.4,
848,Tinker Bell and the Lost Treasure ,2009.0,Klay Hall, Animation,USA,English,30000000.0,,8582265.0,6.7,
849,Bus Stop ,1956.0,Joshua Logan, Comedy,USA,English,2200000.0,,,6.4,
850,Hiding Out ,1987.0,Bob Giraldi, Comedy,USA,English,7000000.0,7019441.0,7019441.0,6.5,47
851,End of the Line ,2007.0,Maurice Devereaux, Horror,Canada,English,200000.0,,,5.9,
852,The Powerpuff Girls ,2002.0,Craig McCracken, Animation,USA,English,11000000.0,11412414.0,16426471.0,6.6,65
853,Theeb ,2014.0,Naji Abu Nowar, Adventure,United Arab Emirates,Arabic,,283024.0,768449.0,7.2,80
854,Mim mesle madar ,2006.0,Rasool Mollagholi Poor, Drama,Iran,Persian,4000000000.0,,,7.4,
855,Cat on a Hot Tin Roof ,1958.0,Richard Brooks, Drama,USA,English,3000000.0,,,8.0,84
856,,,,,,,,,,,
857,The Enchanted Cottage ,1945.0,John Cromwell, Drama,USA,English,,,,7.5,
858,Wild Horses ,1995.0,Marcelo Piñeyro, Comedy,Argentina,Spanish,,,,7.2,
859,Manjhi: The Mountain Man ,2015.0,Ketan Mehta, Adventure,India,Hindi,80000000.0,,,8.0,
860,Toy Story ,1995.0,John Lasseter, Animation,USA,English,30000000.0,222498679.0,404265656.0,8.3,95
861,,,,,,,,,,,
862,Dr. Akagi ,1998.0,Shôhei Imamura, Comedy,Japan,Japanese,,71832.0,,7.3,
863,The Old Man and the Sea ,1958.0,John Sturges, Adventure,USA,English,5000000.0,,67740.0,7.0,
864,Out Stealing Horses ,2019.0,Hans Petter Moland, Drama,Norway,Norwegian,4100000.0,,1480790.0,6.6,68
865,Bicentennial Man ,1999.0,Chris Columbus, Comedy,USA,English,100000000.0,58223861.0,87423861.0,6.9,42
866,The House of the Devil ,2009.0,Ti West, Horror,USA,English,900000.0,101215.0,101215.0,6.4,73
867,Up and Down ,2004.0,Jan Hrebejk, Comedy,Czech Republic,Czech,36000000.0,245127.0,2705163.0,6.9,78
868,Raju ,2011.0,Max Zähle, Short,Germany,German,,,,7.1,
869,Kotch ,1971.0,Jack Lemmon, Comedy,USA,English,,1334165.0,,6.6,
870,Cosi ,1996.0,Mark Joffe, Comedy,Australia,English,,35489.0,35489.0,6.6,
871,Macbeth ,1971.0,Roman Polanski, Biography,UK,English,3100000.0,,,7.4,
872,Kaappaan ,2019.0,K.V. Anand, Action,India,Tamil,,,605756.0,6.4,
873,Sunday Bloody Sunday ,1971.0,John Schlesinger, Drama,UK,English,,540594.0,,7.1,
874,Targets ,1968.0,Peter Bogdanovich, Crime,USA,English,130000.0,,,7.4,
875,,,,,,,,,,,
876,A Nightmare on Elm Street 3: Dream Warriors ,1987.0,Chuck Russell, Fantasy,USA,English,4500000.0,44793222.0,44793222.0,6.6,49
877,Kauwboy ,2012.0,Boudewijn Koole, Drama,Netherlands,Dutch,,,41224.0,7.1,
878,Chak De India! ,2007.0,Shimit Amin, Drama,India,Hindi,,1120404.0,21505244.0,8.2,68
879,,,,,,,,,,,
880,The Rebound ,2009.0,Bart Freundlich, Comedy,USA,English,,,21791288.0,6.3,
881,Lloyd's of London ,1936.0,Henry King, Drama,USA,English,850000.0,,,6.9,
882,Namhansanseong ,2017.0,Dong-hyuk Hwang, Action,South Korea,Korean,,252895.0,28645448.0,6.7,
883,The Samurai ,1967.0,Jean-Pierre Melville, Crime,France,French,,39481.0,,8.1,
884,Stavisky... ,1974.0,Alain Resnais, Biography,France,French,,13793.0,13793.0,6.6,
885,Silver Bullet ,1985.0,Daniel Attias, Horror,USA,English,7000000.0,12361866.0,12361866.0,6.4,26
886,,,,,,,,,,,
887,Fight for Your Life ,1977.0,Robert A. Endelson, Crime,USA,English,,,,6.3,
888,The Kid ,1921.0,Charles Chaplin, Comedy,USA,English,250000.0,,26916.0,8.3,
889,Sarileru Neekevvaru ,2020.0,Anil Ravipudi, Action,India,Telugu,,821000.0,1366335.0,6.0,
890,Shrek 2 ,2004.0,Andrew Adamson, Animation,USA,English,150000000.0,441226247.0,928760770.0,7.2,75
891,Sut Kardesler ,1976.0,Ertem Egilmez, Comedy,Turkey,Turkish,,,,8.9,
892,Godzilla and Mothra: The Battle for Earth ,1992.0,Takao Okawara, Action,Japan,Japanese,,,35566037.0,6.2,
893,Guess Who's Coming to Dinner ,1967.0,Stanley Kramer, Comedy,USA,English,4000000.0,56666667.0,56666667.0,7.8,63
894,Robbery ,1967.0,Peter Yates, Crime,UK,English,,,,6.8,
895,,,,,,,,,,,
896,Outsider ,1997.0,Andrej Kosak, Drama,Slovenia,Slovenian,60000000.0,,,8.0,
897,My Geisha ,1962.0,Jack Cardiff, Comedy,USA,English,,,,6.6,
898,Jim Thorpe -- All-American ,1951.0,Michael Curtiz, Biography,USA,English,,,,6.9,
899,Riding Alone for Thousands of Miles ,2005.0,Yimou Zhang, Drama,China,Mandarin,7500000.0,252325.0,3752325.0,7.3,73
900,Young Ahmed ,2019.0,Jean-Pierre Dardenne, Drama,Belgium,French,,21291.0,1520922.0,6.4,66
901,,,,,,,,,,,
902,Whole New Thing ,2005.0,Amnon Buchbinder, Comedy,Canada,English,750000.0,11445.0,11445.0,6.6,54
903,Tian xia wu zei ,2004.0,Xiaogang Feng, Action,China,Mandarin,1300000.0,,662164.0,7.2,
904,The Great Gatsby ,1974.0,Jack Clayton, Drama,USA,English,6500000.0,20563273.0,20563273.0,6.4,43
905,Yes Boss ,1997.0,Aziz Mirza, Comedy,India,Hindi,,,,6.8,
906,Bitter Rice ,1949.0,Giuseppe De Santis, Drama,Italy,Italian,,,,7.7,
907,Parents ,1989.0,Bob Balaban, Comedy,Canada,English,3000000.0,870532.0,870532.0,6.1,66
908,Cicha noc ,2017.0,Piotr Domalewski, Comedy,Poland,Polish,,,1894860.0,7.2,
909,Nyocker! ,2004.0,Áron Gauder, Animation,Hungary,Hungarian,78000000.0,,199780.0,6.0,
910,El Ott ,2014.0,Ibrahim El-Batout, Mystery,Egypt,Arabic,,,,4.1,
911,Svetat e golyam i spasenie debne otvsyakade ,2008.0,Stephan Komandarev, Drama,Bulgaria,Bulgarian,,,291275.0,8.0,
912,Todos lo saben ,2018.0,Asghar Farhadi, Crime,Spain,Spanish,10000000.0,2660165.0,19176163.0,6.9,68
913,,,,,,,,,,,
914,Fanfan ,1993.0,Alexandre Jardin, Comedy,France,French,,,,6.9,
915,Pyaar Ke Side Effects ,2006.0,Saket Chaudhary, Comedy,India,Hindi,45000000.0,30230.0,60714.0,6.7,
916,Winnie the Pooh and the Blustery Day ,1968.0,Wolfgang Reitherman, Animation,USA,English,,,,8.0,
917,Vacation ,1983.0,Harold Ramis, Adventure,USA,English,15000000.0,61399552.0,61399552.0,7.4,55
918,Mean Creek ,2004.0,Jacob Estes, Crime,USA,English,500000.0,603951.0,802948.0,7.2,74
919,To the Shores of Tripoli ,1942.0,H. Bruce Humberstone, Drama,USA,English,,2300000.0,,6.1,
920,The Governess ,1998.0,Sandra Goldbacher, Drama,UK,English,,3719509.0,3719509.0,6.3,60
921,Nisshartho Bhalobasha: What is Love! ,2013.0,Ananta Jalil, Action,Bangladesh,Bengali,130000.0,,,7.4,
922,,,,,,,,,,,
923,Autumn Sonata ,1978.0,Ingmar Bergman, Drama,Sweden,Swedish,,,14338.0,8.3,
924,,,,,,,,,,,
925,,,,,,,,,,,
926,Big Wednesday ,1978.0,John Milius, Drama,USA,English,11000000.0,,,7.2,54
927,,,,,,,,,,,
928,The Missing ,2003.0,Ron Howard, Adventure,USA,English,60000000.0,27011180.0,38364277.0,6.5,55
929,King of California ,2007.0,Michael A. Cahill, Comedy,USA,English,10000000.0,268461.0,1045786.0,6.6,63
930,Karbala ,2015.0,Krzysztof Lukaszewicz, Drama,Poland,Polish,,,1839975.0,6.2,
931,Coal Miner's Daughter ,1980.0,Michael Apted, Biography,USA,English,,67182787.0,67182787.0,7.5,87
932,Baak bin sing gwan ,1995.0,Jing Wong, Comedy,Hong Kong,Cantonese,,,,6.3,
933,Strange Frame: Love & Sax ,2012.0,G.B. Hajim, Animation,USA,English,1230000.0,,,7.1,
934,,,,,,,,,,,
935,Tower of London ,1939.0,Rowland V. Lee, Drama,USA,English,,,,6.7,
936,The Naked Spur ,1953.0,Anthony Mann, Thriller,USA,English,1261000.0,,,7.3,
937,Ouija: Origin of Evil ,2016.0,Mike Flanagan, Drama,USA,English,9000000.0,35144505.0,81705746.0,6.1,65
938,Dark Waters ,1993.0,Mariano Baino, Drama,Russia,English,,,,6.1,
939,The Taming of the Shrew ,1967.0,Franco Zeffirelli, Comedy,Italy,English,4000000.0,,,7.1,
940,Der Tunnel ,2001.0,Roland Suso Richter, Drama,Germany,German,7100000.0,46296.0,115112.0,7.7,72
941,Serengeti ,1959.0,Bernhard Grzimek, Documentary,West Germany,German,,,,7.9,
942,,,,,,,,,,,
943,,,,,,,,,,,
944,Churchill ,2017.0,Jonathan Teplitzky, Biography,UK,English,6400000.0,1281258.0,6724365.0,6.1,44
945,Sound of Noise ,2010.0,Ola Simonsson, Comedy,Sweden,Swedish,4000000.0,24565.0,456366.0,7.2,72
946,The Killer ,2017.0,Marcelo Galvão, Action,Brazil,Portuguese,1500000.0,,,6.0,
947,Strategic Air Command ,1955.0,Anthony Mann, Action,USA,English,,6500000.0,,6.4,
948,The Horse Thief ,1986.0,Zhuangzhuang Tian, Drama,China,Mandarin,,,,6.9,
949,,,,,,,,,,,
950,The Robe ,1953.0,Henry Koster, Drama,USA,English,5000000.0,36000000.0,36000000.0,6.7,
951,,,,,,,,,,,
952,O Homem do Futuro ,2011.0,Cláudio Torres, Comedy,Brazil,Portuguese,,,5799606.0,7.0,
953,The Whole Wide World ,1996.0,Dan Ireland, Biography,USA,English,1300000.0,375757.0,375757.0,7.0,
954,Blue My Mind ,2017.0,Lisa Brühlmann, Drama,Switzerland,Swiss German,,,11350.0,6.2,63
955,Un heureux evenement ,2011.0,Rémi Bezançon, Comedy,France,French,,,3929796.0,6.6,
956,Tottaa Pataaka Item Maal ,2019.0,Aditya Kripalani, Drama,India,Hindi,150000.0,,,8.0,
957,Kyatapirâ ,2010.0,Kôji Wakamatsu, Drama,Japan,Japanese,120000.0,4157.0,251922.0,6.7,75
958,Four Flies on Grey Velvet ,1971.0,Dario Argento, Crime,Italy,Italian,,,,6.7,
959,Schizopolis ,1996.0,Steven Soderbergh, Comedy,USA,English,250000.0,10580.0,10580.0,6.9,44
960,The Bridge ,1959.0,Bernhard Wicki, Drama,West Germany,German,,,,8.0,
961,The White Ribbon ,2009.0,Michael Haneke, Drama,Germany,Latin,18000000.0,2222862.0,19319671.0,7.8,82
962,Click ,2006.0,Frank Coraci, Comedy,USA,English,82500000.0,137355633.0,240685326.0,6.4,45
963,No Man's Land  ,2001.0,Danis Tanovic, Comedy,France,Bosnian,2000000.0,1012153.0,4858869.0,7.9,84
964,Sien lui yau wan III: Do do do ,1991.0,Siu-Tung Ching, Action,Hong Kong,Cantonese,,,,6.7,
965,Tolkien ,2019.0,Dome Karukoski, Biography,USA,English,20000000.0,4535154.0,9090040.0,6.8,48
966,"I Love You, Man ",2009.0,John Hamburg, Comedy,USA,English,40000000.0,71440011.0,91980359.0,7.0,70
967,Shouf shouf habibi! ,2004.0,Albert Ter Heerdt, Comedy,Netherlands,Dutch,800000.0,,2801588.0,6.1,
968,She ,1935.0,Lansing C. Holden, Adventure,USA,English,,,,6.5,
969,,,,,,,,,,,
970,,,,,,,,,,,
971,Kai po che! ,2013.0,Abhishek Kapoor, Drama,India,Hindi,,1122527.0,1435272.0,7.7,40
972,Boom Town ,1940.0,Jack Conway, Adventure,USA,English,1614000.0,,,7.1,
973,The Hide ,2008.0,Marek Losey, Thriller,UK,English,,,2313.0,7.0,
974,Tore tanzt ,2013.0,Katrin Gebbe, Crime,Germany,German,470000.0,4870.0,4870.0,7.0,51
975,Un bonheur n'arrive jamais seul ,2012.0,James Huth, Comedy,France,French,15000000.0,,16840841.0,6.5,
976,The Doorway to Hell ,1930.0,Archie Mayo, Crime,USA,English,240000.0,,,6.5,
977,Thithi ,2015.0,Raam Reddy, Drama,India,Kannada,,,,8.2,
978,The Lady in the Van ,2015.0,Nicholas Hytner, Biography,UK,English,6000000.0,10021175.0,41387687.0,6.7,70
979,Y Tu Mama Tambien ,2001.0,Alfonso Cuarón, Drama,Mexico,Spanish,2000000.0,13839658.0,33616692.0,7.6,88
980,After Hours ,1985.0,Martin Scorsese, Comedy,USA,English,4500000.0,10609321.0,10609321.0,7.7,90
981,Fingers ,1978.0,James Toback, Crime,USA,English,1300000.0,,,6.8,
982,Texas ,1941.0,George Marshall, Western,USA,English,,,,6.7,
983,Some Freaks ,2016.0,Ian MacAllister McDonald, Comedy,USA,English,,,,6.2,67
984,Strangers on a Train ,1951.0,Alfred Hitchcock, Crime,USA,English,1200000.0,,,7.9,88
985,Awakenings ,1990.0,Penny Marshall, Biography,USA,English,31000000.0,52096475.0,52096475.0,7.8,74
986,Labirent ,2011.0,Tolga Örnek, Action,Germany,Turkish,,,1486738.0,6.8,
987,Habemus Papam ,2011.0,Nanni Moretti, Comedy,Italy,Italian,9000000.0,548115.0,17877523.0,6.7,64
988,Airport ,1970.0,George Seaton, Action,USA,English,10000000.0,100489151.0,100489151.0,6.6,42
989,SM-rechter ,2009.0,Erik Lamens, Biography,Belgium,Dutch,,,1142211.0,6.7,
990,When Do We Eat? ,2005.0,Salvador Litvak, Comedy,USA,English,,431513.0,431513.0,5.9,37
991,Twisted Pair ,2018.0,Neil Breen, Drama,USA,English,3.0,,,5.8,
992,Angels Over Broadway ,1940.0,Ben Hecht, Adventure,USA,English,,,,6.6,
993,,,,,,,,,,,
994,The Night We Never Met ,1993.0,Warren Leight, Comedy,USA,English,8000000.0,1884814.0,1884814.0,6.0,
995,,,,,,,,,,,
996,Last Summer ,1969.0,Frank Perry, Drama,USA,English,780000.0,,,7.0,
997,,,,,,,,,,,
998,The Troops get Married ,1968.0,Jean Girault, Adventure,France,French,,,,6.8,
999,Turbo Kid ,2015.0,François Simard, Action,Canada,English,60000.0,67069.0,67069.0,6.7,60
